content,analist_decision
"{""content"":""OPIS\n\nJesteśmy liderem polskiego rynku w produkcji folii termoformowalnych, preform i\nbutelek PET. Wykorzystując najlepsze rozwiązania technologiczne, niezmiennie\nutrzymujemy wysoką jakość. Dla naszych produktów jest ona standardem.\nDwudziestoletnie doświadczenie, rozwiązania dedykowane konkretnemu klientowi,\noptymalizacja procesów produkcyjnych oraz systemowa realizacja dostaw sprawiły,\nże dziś firma Hanex ma ugruntowaną pozycję lidera na rynku opakowań z tworzyw\nsztucznych.\n\n\n\n\n\nW związku z ciągłym rozwojem poszukujemy pracowników na stanowisku:\n\n\n\nPracownik w dziale utrzymania ruchu\n\n\n\nMiejsce pracy: Dąbrowa Górnicza\n\n\n\nZakres obowiązków:\n\n- rozruch maszyn i regulacja procesów produkcyjnych,  \n\n- utrzymanie ciągłości produkcyjnej i usuwanie skutków awarii,\n\n- rozpoznawanie przyczyn awarii i niesprawności w działaniu urządzeń oraz\nmaszyn występujących na liniach produkcyjnych i w sekcjach współpracujących,\n\n- modernizacja urządzeń i wdrażanie nowych projektów.\n\n\n\n\n\nOczekujemy:\n\n-gotowości do pracy w systemie pracy zmianowej (praca w godzinach 8-20 /20-8 -\nwedług indywidualnego grafiku - praca również w weekendy);\n\n- wykształcenia średnie o profilu kierunkowym (preferowane: mechanika,\nelektryka, elektrotechnika);\n\n- umiejętności pracy pod presją czasu;\n\n- doświadczenia zawodowego zdobytego w firmach produkcyjnych (mile widziane)\n\n- umiejętność obsługi wtryskarek lub wtryskarko-rozdmuchiwarek (mile widziane)\n\n- minimalne doświadczenie w zakresie przetwórstwa tworzyw sztucznych (mile\nwidziane)\n\n\n\n\n\nOferujemy:\n\n- zdobycie doświadczenia w polskiej firmie z branży tworzyw sztucznych,\nprodukującej dla znanych marek z całego świata;\n\n- zatrudnienie bezpośrednio pod firmą;\n\n- coroczny system podwyżek wynagrodzeń;\n\n- premie miesięczne;\n\n- darmowe szkolenia, możliwość podnoszenia kwalifikacji,\n\n- Pakiet benefitów: system poleceń pracowniczych, owocowe poniedziałki, wyprawka\ndla nowych członków rodziny;\n\n- Świadczenia z ZFŚS (m.in. wczasy pod gruszą, dofinansowanie do kolonii dla\ndzieci, świadczenie świąteczne)\n\n- Możliwość przystąpienia do ubezpieczenia grupowego, Medicover sport dla\npracownika oraz członków rodziny.\n\n\n\nOsoby zainteresowane prosimy o przesłanie CV. Może to właśnie ten moment, aby\ncoś zmienić\n\nw swoim życiu i dołączyć do naszego zespołu!\n\n \n\nOsoby zainteresowane prosimy o przesłanie CV.\n\n \n\nInformujemy, że nie zwracamy nadesłanych ofert, skontaktujemy się tylko z\nwybranymi kandydatami.\n\nDo wysłanych dokumentów prosimy dopisać następującą klauzulę:\n\n \n\nWyrażam zgodę na przetwarzanie moich danych osobowych dla potrzeb niezbędnych do\nrealizacji procesu rekrutacji (zgodnie z ustawą z dnia 10 maja 2018 roku o\nochronie danych osobowych (Dz. Ustaw z 2018, poz. 1000) oraz zgodnie z\nRozporządzeniem Parlamentu Europejskiego i Rady (UE) 2016/679 z dnia 27 kwietnia\n2016 r. w sprawie ochrony osób fizycznych w związku z przetwarzaniem danych\nosobowych i w sprawie swobodnego przepływu takich danych oraz uchylenia\ndyrektywy 95/46/WE (RODO).""}",POSITIVE
"{""content"":""OPIS\n\nW SigmaCEM wierzymy, że doskonała obsługa Klienta, to najlepszy system\nlojalnościowy. Z doświadczenia wiemy, że firmy mają wewnętrzne zdolności do\npozytywnych zmian. Naszą rolą jest dostarczanie rozwiązań wspierających ten\nproces.\n\nChcemy zaprosić Cię do wzmocnienia naszego zespołu jako Specjalistę ds. IT\nContact Center.\n\nSwoją pracę rozpoczniesz od poznania naszych aplikacji wraz ze wskazaniem\nprocesów biznesowych, na które odpowiadają. Poznasz zespół, z którym będziesz\nwspółpracował, jak również zakres Twoich codziennych obowiązków.\n\nNie potrzebujesz doświadczenia IT, jednak powinieneś/powinnaś czuć się swobodnie\nw pracy z systemami oraz w obsłudze Klienta. W zależności od Twoich umiejętności\ni predyspozycji dobierzemy Twój zakres zadań i ustalimy Twoją ścieżkę rozwoju.\n\n\n\nOd kandydatów oczekujemy:\n\n * Sprawnego posługiwania się systemami informatycznymi i znajomości sprzętu IT,\n\n * Komunikatywności/łatwości w nawiązywaniu kontaktu z drugą osobą,\n\n * Wysokiej kultury osobistej,\n\n * Umiejętności pracy w zespole i skupienia nad wspólnymi celami,\n\n * Sumienności w wykonywanych obowiązkach, umiejętności radzenia sobie z presją\n   czasu,\n\n * Gotowości do pracy zmianowej,\n\n * Chęci podejmowania nowych wyzwań i samorozwoju.\n\n\n\nUmiejętności, które są dodatkowym atutem:\n\n * Znajomość systemów IT dedykowanych Contact Center,\n\n * Znajomość infrastruktury Microsoft Azure (na poziomie AZ-900 lub wyższym),\n\n * Znajomość podstaw zarządzania siecią firmową (Unifi), w tym VPN,\n\n * Doświadczenie w pracy na podobnym stanowisku.\n\n\n\nStałym współpracownikom oferujemy:\n\n * Ubezpieczenie zdrowotne (Luxmed),\n\n * Kartę Multisport,\n\n * Lektoraty języka angielskiego.\n\n\n\nJeżeli zdecydujesz się wysłać do nas swoje CV, pamiętaj że administratorem\nTwoich Danych Osobowych jest SigmaCEM Analytics sp. z o.o. z siedzibą w\nSzczecinie. Podane dane będą przetwarzane w związku z prowadzoną rekrutacją.\nZastrzegamy, że rozmowa rekrutacyjna może odbyć się za pośrednictwem narzędzi\nzdalnych. Nie musisz się jednak obawiać – wyślemy Ci dokładną instrukcję.""}",POSITIVE
"{""content"":""Chcesz dorobić kilkaset złotych? A może wolisz zacząć regularnie zarabiać\npowyżej średniej krajowej? Szukasz dodatkowego zajęcia, które przynosi\nponadprzeciętne efekty?\n\nMam do zaoferowania pracę dodatkową, którą wykonujesz przy komputerze lub na\ntelefonie, a więc możesz pracować z każdego miejsca na świecie. Jeśli uczciwie\npodejdziesz do pracy i wykażesz zaangażowanie, to bardzo szybko zarobisz 1-2 tys\nzł. Docelowo możesz zarabiać nawet 6000 zł miesięcznie. Cały czas mówimy o pracy\ndodatkowej, na którą poświęcasz 2-3 godziny dziennie.\n\nPraca polega na wprowadzaniu informacji do baz danych i udzielaniu odpowiedzi.\nDostajesz bezpłatne materiały, aby zacząć oraz gotową instrukcję, aby zarobić\npierwsze pieniądze przez Internet.\n\nSzukam osób pozytywnych, nastawionych na działanie, potrafiących samodzielnie\nzorganizować sobie czas. Wystarczy 2-3 godziny dziennie.""}",POSITIVE
"{""content"":""Medycyna pracy od ręki ,badania wysokościowe,\nksiążeczka sanepidu wraz z orzeczeniem lekarskim=tylko 100zł\nBadania okresowe 80zł\nBadania dla kierowców 80zł\n\nBłyskawiczna realizacja ,wysyłka na cały kraj,płatne przy odbiorze.\nMasz dużą firmę ,potrzebujesz na cito orzeczenia medycyny pracy -szybko\n,dyskretnie,bez kolejek.\n\nMasz pytania zadzwoń lub napisz\nmarekmedycyna @yahoo.com(bez spacji)""}",POSITIVE
"{""content"":""Cześć, proponuję współpracę w trybie zdalnym. Jest to projekt\nrozwojowo-zarobkowy, który ma na celu pomóc każdej kobiecie stać się niezależną\nfinansowo.\nPraca na długie wiosenne wieczory, elastyczny grafik, gotowy system jak i\nmateriały, możliwość stałej współpracy.\nZapraszam do kontaktu :)""}",POSITIVE
"{""content"":""OPIS\n\nOPIS\n\nFirma Import-Export Włodzimierz Grajek jest jedną z największych firm w Polsce w\nbranży kwiatowej. Firma działa od 30 lat na terenie całej Polski. Importujemy\nkwiaty z całego Świata głownie z Holandii, ale również bezpośrednio z Włoch,\nHiszpanii, Belgii , Danii, Anglii, Kolumbii, Ekwadoru, Kenii, Etiopii. Naszymi\nodbiorcami kwiatów są; hurtownie, kwiaciarnie, dyskonty, markety, i\nsupermarkety.\n\n\n\nW związku z rozwojem firmy poszukujemy pracowników na stanowisko:\nKierowca/Magazynier\n\nZakres obowiązków:\n\n·        Przyjmowanie dostaw towarowych,\n\n·        Kontrola przyjmowanych towarów pod względem ilościowym oraz\njakościowym,\n\n·        Kompletacja zamówień klientów,\n\n·        Przeprowadzanie kontroli stanu magazynowego,\n\n·        Utrzymywanie magazynu w należytym porządku,\n\n·        Prowadzenie pojazdu o masie do 3,5 tony zgodnie z otrzymaną dyspozycją\n\nWymagania:\n\n·        Dobra organizacja pracy własnej i umiejętność współpracy z zespołem,\n\n·        Motywacja do pracy,\n\n·        Dyspozycyjność,\n\n·        Wysoka kultura osobista,\n\n·        Doświadczenie w pracy na podobnym stanowisku mile widziane,\n\n·        Prawo jazdy kat. B\n\nOferujemy:\n\n·        Umowę o pracę w firmie o ugruntowanej pozycji na rynku,\n\n·        Wynagrodzenie podstawowe + premia,\n\n. Dofinasowanie do wypoczynku (wczasy pod gruszą),\n\n·        Możliwość rozwoju zawodowego oraz zdobywania doświadczenia,\n\n·        Niezbędne narzędzia do wykonywania pracy,""}",POSITIVE
"{""content"":""OPIS\n\nPraca dla operatora maszyn rolniczych na ciągnikach Fendt i kombajnie New\nHolland.\n\nZakres obowiązków:\n\n- Obsługa nawigacji satelitarnych i komputerów pokładowych\n\n- Siew\n\n- Uprawa\n\n- Opryski\n\n- Przygotowanie maszyn do pracy\n\n- Koszenie kombajnem\n\nWymagane prawo jazdy kat. T\n\nUmowa o prace na stałe.\n\nJeśli nie posiadasz pełnych kwalifikacji możliwe jest doszkolenie.\n\nZapraszam do kontaktu.""}",POSITIVE
"{""content"":""OPIS\n\nW związku z dynamicznym rozwojem firmy, poszukujemy kierowcy cysterny system\ntygodniowy\n\nWymagania:\n\n- prawo jazdy kat. C+E\n\n-ADR podstawowy + cysterny\n\n- sumienność\n\n- uczciwość\n\n- umiejętność pracy w zespole\n\n- wysoka kultura osobista\n\n- dbałość o powierzony sprzęt\n\noferujemy:\n\n-wysokie wynagrodzenie\n\n-stabilne warunki zatrudnienia\n\n-umowę o pracę w pełnym wymiarze\n\n-praca w miłym i pomocnym zespole\n\nInformacji udzielę telefonicznie lub proszę o przesłanie CV przez portal OLX.""}",POSITIVE
"{""content"":""OPIS\n\nProducent sukni ślubnych NABLA do swojego firmowego salonu w Krakowie zatrudni\n\nkonsultantkę ślubną / sprzedawcę.\n\n\n\nNasze oczekiwania:\n\n- profesjonalna obsługa klientek\n\n- aktywna sprzedaż, fachowe doradztwo\n\n- dbanie o wizerunek salonu\n\n- prowadzenie kalendarza spotkań\n\n- komunikatywność, pozytywne nastawienie, kreatywność\n\n- sumienność i dyspozycyjność, wysoka kultura osobista\n\n\n\nDodatkowym atutem będzie:\n\n- doświadczenie w obsłudze klientek w branży modowej\n\n- znajomość podstaw krawiectwa\n\n- zdolności manualne i precyzja\n\n\n\nOferujemy:\n\n- stałą pracę\n\n- zatrudnienie na pełny etat na postawie umowy o pracę\n\n- atrakcyjne wynagrodzenie\n\n- możliwości rozwoju\n\n\n\nAplikacja za pomocą formularza OLX,\n\nlub prosimy o wysyłanie CV na firmowy adres e-mail.""}",POSITIVE
"{""content"":""OPIS\n\nFINSEC PSA wyspecjalizował się w dystrybucji instrumentów finansowych (Call\nCenter), prowadzeniu procesu uruchamiania finansowania (Credit Origination\nService), zarządzaniu udzielonym finansowaniem/ wierzytelnościami (Credit\nManagement Service), ponadprzeciętnym skutecznym monitoringiem płatności (Credit\nMonitoring Service), procesowaniem zgłoszeń klienckich w ramach Centrum Usług\nWspólnych (Operations Center).\n\n\n\n\n\nAktualnie do naszego zespołu poszukujemy osobę na stanowisko:\n\n * asystent Prezesa Zarządu\n\n\n\n\n\nCO OFERUJEMY\n\n * Przyjemną atmosferę w bardzo dynamicznie rozwijającej się organizacji,\n\n * Pracę w silnie zmotywowanym oraz stałym zespole, zbudowany z ludzi gotowych\n   do dzielenia się wiedzą,\n\n * Bardzo wysokie wynagrodzenie podstawowe oraz możliwe premie,\n\n * Współpracę z ekspertami z branży,\n\n * Możliwość poszerzania wiedzy, kwalifikacji i doświadczenia,\n\n * Dla zmotywowanych\n   \n   * liczne szkolenia\n   \n   * pojazd służbowy także do użytku prywatnego,\n\n * Uczestnictwo w dużych projektach,\n\n * Realny wpływ na rozwój organizacji,\n\n * możliwość rozwoju zawodowego i osobistego poprzez udział w strategicznym\n   zarządzaniu firmą.\n\n\n\nZAKRES OBOWIĄZKÓW\n\n * Zarządzanie pocztą e-mail i listą spraw do realizacji wraz z ustalaniem\n   priorytetów,\n\n * Proaktywne zarządzanie kalendarzem spotkań oraz wyjazdów służbowych\n   przełożonego,\n\n * Sporządzanie notatek oraz pisemnych podsumowań ze spotkań przełożonego,\n\n * Monitorowanie realizacji postanowień ze spotkań przełożonego,\n\n * Organizacja wyjazdów służbowych,\n\n * Dekretacja faktur oraz kosztów związanych z podróżami przełożonego,\n\n * Monitoring prac zlecanych przez przełożonego pozostałym pracownikom firmy,\n\n * Opracowywanie wzorów komunikatów przeznaczonych dla wszystkich pracowników\n   firmy,\n\n * Zarządzanie zapytaniami od interesariuszy wewnętrznych i zewnętrznych wraz z\n   dostarczaniem dokładnych i profesjonalnych odpowiedzi,\n\n * Opieka nad gośćmi zgłaszającymi się do przełożonego,\n\n * Koordynowanie współpracy i przepływu informacji pomiędzy przełożonym a\n   poszczególnymi działami w firmie,\n\n * Przyjmowanie telefonów, łączenie rozmów, selekcjonowanie połączeń wg\n   wytycznych przełożonego,\n\n * Dbanie o jakość dystrybucji i archiwizacji dokumentacji przychodzącej oraz\n   wychodzącej,\n\n * Bieżące wsparcie przełożonego w codziennych zadaniach oraz projektach,\n\n * Samodzielne prowadzenie powierzonych projektów,\n\n * Wdrażanie zatwierdzonych rekomendacji i aktualizacji w zakresie komunikacji\n   wewnętrznej w firmie,\n\n * Kreowanie pozytywnego wizerunku firmy i przełożonego zarówno na zewnątrz, jak\n   i wewnątrz organizacji,\n\n * Realizacja innych zadań projektowych zleconych przez przełożonego.\n\n\n\nNASZE WYMAGANIA\n\n * Doświadczenia na stanowisku asystenta osobistego lub asystenta Zarządu,\n\n * Dobra znajomość pakietu MS Office (Word, Excel, Power Point) oraz Outlook,\n\n * Doskonała umiejętność planowania oraz organizacji pracy własnej,\n\n * Wysoka kultura osobista oraz bardzo dobre umiejętności komunikacyjne,\n\n * Komunikatywność, biznesowa prezencja, dyplomacja i wysoka kultura osobista,\n\n * Samodzielności w wykonywaniu powierzonych zadań,\n\n * Zdolności do realizacji wielu zadań pod presją czasu,\n\n * Odporność na stres, elastyczność i umiejętność funkcjonowania w szybko\n   zmieniającym się środowisku.\n\n\n\nBENEFITY\n\n * prywatna opieka medyczna LUXMED\n\n * karta sportowo-rekreacyjna Benefit\n\n * dofinansowanie szkoleń i kursów\n\n * spotkania integracyjne\n\n * służbowy samochód do użytku prywatnego\n\n * praca w najnowocześniejszym biurowcu w Toruniu\n\n * dofinansowanie do urlopu \n\n\n\nMore about us: www.finsec.pl\n\n""}",POSITIVE
"{""content"":""OPIS\n\nJeśli chcesz spełniać swoje marzenia, a wynagrodzenie jest dla Ciebie ważne -\nzapraszamy do naszego świata sprzedaży! Zrealizuj z nami swoje marzenia razem!\n\nTo oferujemy:\n\n * Elastyczną formę zatrudnienia (umowa zlecenie, lub umowa agencyjna)\n\n * Elastyczne godziny pracy\n\n * Atrakcyjne wynagrodzenie, wysokie prowizje i bonusy miesięczne - najwyższe\n   zarobki w branży – Sky is the limit\n\n * Zarabiasz także w czasie COVID\n\n * Przyjazną atmosferę pracy w pełnym energii zespole\n\n * Możliwość zdobycia cennego doświadczenia\n\n * Zapewniamy Ci niezbędne narzędzia - telefon oraz dostęp do floty samochodowej\n\n * Wszystko w Twoich rękach – Twoje zaangażowanie będzie wprost proporcjonalne\n   do wynagrodzenia\n\nTwój zakres obowiązków:\n\n * Prezentowanie oferty handlowej szytej na marę, dopasowanej do Klienta i jego\n   potrzeb\n\n * Aktywne działanie w terenie i pozyskiwanie Klientów w systemie D2D\n\n * Realizacja planu sprzedaży\n\n * Monitorowanie działań konkurencji""}",POSITIVE
"{""content"":""OPIS\n\nTwój zakres obowiązków:\n\n * Prace elektroinstalacyjne przy standardowych instalacjach fotowoltaicznych,\n * Montaż nowatorskich rozwiązań z zakresu fotowoltaiki,\n * Montaż instalacji elektrycznych, tras kablowych, instalowanie aparatury i\n   urządzeń elektrycznych,\n * Montaż rozdzielni elektrycznych i szaf sterowniczych,\n * Konfiguracja i uruchomienie urządzeń,\n * Wykonywania przeglądów serwisowych w/w systemów,\n * Dojazd na wyznaczone miejsca do Klienta.\n\nNasze wymagania:\n\n * Doświadczenie w pracy na stanowisku elektryka / elektromontera minimum 2\n   lata,\n * Uprawnienia elektryczne SEP D+E z pomiarami,\n * Dyspozycyjność do pracy w delegacjach,\n * Umiejętność pracy w zespole,\n * Gotowość do pracy na wysokościach,\n * Prawo jazdy kat. B,\n * Doświadczenie w montażach elektroinstalacyjnych.\n\nMile widziane:\n\n * Wiedza z zakresu fotowoltaiki,\n * Umiejętność czytania schematów elektrycznych,\n * Wykształcenie elektryczne lub pokrewne,\n * Uprawnienia UDT.\n\nTo oferujemy:\n\n * Ciekawą pracę w dynamicznie rozwijającej się firmie, będącej liderem w\n   najbardziej rozwojowej branży w Polsce,\n * Możliwość rozwoju przez udział w realizacji interesujących projektów,\n * Stabilne warunki zatrudnienia,\n * Szkolenia stanowiskowe pozwalające na szybkie wdrożenie,\n * Możliwość rozwoju zawodowego,\n * Szkolenia wewnętrzne i zewnętrzne,\n * Dofinansowane kursy z możliwością zdobycia certyfikowanych uprawnień,\n * Niezbędne narzędzia do pracy,\n * Możliwość zdobywania doświadczeń i rozwoju osobistego,\n * Auto służbowe z pełnym wyposażeniem.\n\n""}",POSITIVE
"{""content"":""Centrum Szkoleniowe A&M zaprasza na UWAGA! BEZPŁATNE szkolenie online na\nstanowiska pracy: Rejestratorka medyczna, Sekretarka medyczna, Recepcjonistka\nstomatologiczna, Rejestratorka w zakładzie diagnostyki obrazowej z obsługą\nprogramu mMedica. Po ukończonym szkoleniu uczestnik otrzymuje 4 certyfikaty (\nrejestratorka/sekretarka medyczna oraz rejestratorka w zakładzie diagnostyki\nobrazowej i recepcjonistka stomatologiczna) oraz materiały szkoleniowe.\nCertyfikaty uznawane są na terenie całego kraju w placówka państwowych i\nprywatnych. Szkolenie jest bezpłatne dla osób które zgłoszą się na szkolenie do\ndnia 30.05.2023 UWAGA! Nasze certyfikaty sa wystarczające aby podjąć pracę na ww\nstanowiskach pracy. Nie potrzeba żadnych dodatkowych szkół czy kursów Zachęcamy\ndo skorzystania""}",POSITIVE
"{""content"":""OPIS\n\nPoszukujemy pracownika do\n\n * do przewozów kurierskich na terenie Trójmiasta (przewozy dokumentów, odbiory\n   towarów, załatwianie różnych spraw wg aktualnych potrzeb)\n\n * drobnych napraw i prac konserwatorskich w firmie\n\nWymagania\n\n * Masz prawo jazdy kat. B\n\n * Jesteś zaradny i masz zdrowy rozsądek\n\n * Jesteś samodzielny, odpowiedzialny i obowiązkowy\n\n * Lubisz prace \""złotej rączki\""\n\n * Znasz się trochę na remontach, elektryce\n\n * Umiesz obsługiwać różne maszyny i urządzenia i o nie zadbać\n\n * Lubisz porządek\n\nOferujemy:\n\n * Umowę o pracę\n\n * Wynagrodzenie zasadnicze \n\n * Premię zakładową zależną od wyników firmy\n\n * Możliwość przystąpienia do ubezpieczenia grupowego\n\n * Pracę jednozmianową od poniedziałku do piątku\n\nFirma mieści się w Chwaszczynie, na granicy z Gdynią (przy wieży telewizyjnej)""}",POSITIVE
"{""content"":""OPIS\n\nPoszukujemy kandydatów na stanowisko\n\n * KUCHARZ WYDAWKOWY\n\nPraca na pełny etat lub na pól\n\nSzczegóły do omówienia na rozmowie.\n\n\n\nOferujemy:\n\n* stawki na rękę na start w zależności od doświadczenia (23-28zl/h ) \n\n* terminowe comiesięczne wypłaty \n\n* dobrą atmosferę i pracę na składnikach wysokiej jakości\n\n* wysokie zniżki pracownicze \n\n* długotrwałą współpracę i uczciwe warunki\n\n* elastyczną formę zatrudnienia wg preferencji\n\n\n\nOczekujemy:\n\n* doświadczenia w pracy w kuchni\n\n* szybkości w pracy\n\n* dobrej organizacji pracy na swoim stanowisku\n\n* aktualnej książeczki / badań sanepid.\n\n\n\nWyślij swoje CV i dołącz swoje referencje jeśli je posiadasz.\n\n\n\n \n\nUWAGA! Odpowiadamy TELEFONICZNIE na wybrane zgłoszenia.\n\nDni próbne są płatne!""}",POSITIVE
"{""content"":""OPIS\n\nDo Men’s Barbershop w Gdańsku Śródmieście poszukujemy osobę z doświadczeniem na\nstanowisku Barbera (baza klientów mile widziana) Jeżeli: •Lubisz pracować z\nludźmi •Jesteś punktualny (na) •Masz doświadczenie •Chcesz się rozwijać\n•Barbering jest twoją pasją Zadzwoń lub napisz do nas! Oferujemy: •Atrakcyjne\nwynagrodzenie oparte na % od wykonanych usług •Luźną, super atmosferę ;) •Grafik\ndopasowany do twojego życia •Możliwość doszkolenia Tel. 51*****85 Kiril""}",POSITIVE
"{""content"":""OPIS\n\nZatrudnię Panią do sprzątania klatek osiedle europejskie oraz Pana na teren\nzewnętrzny Obsługa kosiarki mile widziana Kontakt tylko telefoniczny ! Od 8 Do\n14. Proszę nie pisać wiadomości na Olx.""}",POSITIVE
"{""content"":""OPIS\n\nZatrudnię ekspedientkę do sklepu Delikatesy w Katowicach dzielnica Bogucice.\n\nPraca na dwie zmiany 6-14, 14-22.\n\nDo obowiązków należy obsługa klienta, obsługa kasy fiskalnej oraz terminala,\nprzyjmowanie dostaw i wykładanie towaru, dbanie o czystość sklepu.\n\nMile widziane doświadczenie, ale najważniejsze chęci do pracy.\n\nProszę wysłać cv plus zdjęcie.""}",POSITIVE
"{""content"":""OPIS\n\nJeżeli szukasz zajęcia, które dostarczy Ci dużo satysfakcji, dołącz do nas\njeszcze dzisiaj. Możesz być pewien, że współpracując z nami nie wpadniesz w\ncodzienną rutynę!\n\nZależy Ci na rozwoju? Lepiej nie można było trafić.\n\nCzym się zajmujemy?\n\n * odbieramy połączenia przychodzące od klientów, którzy mieli stłuczkę lub\n   awarię auta\n\n * ustalamy miejsce potrzebnej pomocy\n\n * zlecamy pomoc (np. holowanie, czy naprawę na miejscu) naszym partnerom\n   biznesowym\n\n * zapisujemy w systemie informacje podane przez klienta\n\n * współpracujemy z innymi zespołami i pracownikami Grupy PZU\n\n Zgłoś się jeśli:\n\n * komunikatywność i otwartość, to Twoje cechy\n\n * sprawnie obsługujesz komputer\n\n * możesz rozpocząć szkolenie od 29 maja (szkolenie w dni robocze w godzinach\n   17-21 - około 8 dni)\n\n * chcesz współpracować z nami przez minimum 80 h w miesiącu w godzinach\n   popołudniowych i w weekendy\n\n * masz min. średnie wykształcenie\n   \n   \n\nW zamian zapewniamy:\n\n * szkolenie wstępne, które przygotuje Cię do pracy (nie musisz mieć\n   doświadczenia)\n\n * stawkę godzinową 23-28 zł brutto/h od początku trwania umowy oraz możliwość\n   podwyższenia jej przez awanse wewnętrzne i bonusy\n\n * możliwość stworzenia indywidualnego harmonogramu współpracy\n\n * zatrudnienie na podstawie umowy zlecenie, dzięki której to Ty decydujesz\n   kiedy jesteś dla nas dostępny/-a i możesz dostosować harmonogram do innych\n   planów\n\n * nieograniczony dostęp do wewnętrznych ofert pracy w Grupie PZU\n\n * możliwość rozwoju poprzez udział m.in. w inicjatywach, warsztatach,\n   szkoleniach\n\n * bezpłatny dostęp do siłowni w naszej lokalizacji przy Rondzie Ignacego\n   Daszyńskiego 4 w Warszawie\n\n * nowoczesne biuro przy ul. Konstruktorskiej 13\n\nForma procesu rekrutacji:\n\nmożesz zdecydować, czy na rozmowę rekrutacyjną chcesz przyjechać do naszego\nbiura przy ul. Konstruktorskiej 13, spotkać się na platformie MS Teams, czy\nporozmawiać telefonicznie. Wybrana przez Ciebie forma rekrutacji nie ma wpływu\nna jej wynik.\n\nKilka słów o nas:\n\n * w zeszłym roku awansowało z naszych Centrów Obsługi Klienta ponad 200 osób\n   (do IT, obsługi szkód, biur produktowych, HR, w tym na stanowiska\n   menedżerskie)\n\n * w każdym miesiącu organizujemy kilka inicjatyw, w których możesz wziąć udział\n   zarówno od strony uczestnika, jak i współorganizatora\n\n * u nas masz możliwość rozwoju pasji, osobowości i umiejętności przydatnych w\n   życiu prywatnym i zawodowym na różnych warsztatach, w których uczestnictwo\n   jest wliczane do Twoich płatnych godzin (uczysz się, rozwijasz i zarabiasz)\n\n * jeśli lubisz pomagać innym, to możesz włączyć się do naszych działań\n   wolontariackich na rzecz potrzebujących osób i zwierzaków\n\n * mamy dostęp do platformy zniżkowej, na której możemy zakupić bilety na\n   wydarzenia kulturalno-rozrywkowe, sportowe, czy nawet weekend w SPA w\n   niższych cenach\n\n * dbamy o #DobryStan organizując inicjatywy wspierające i edukujące z zakresu\n   wellbeingu\n\n\n\n\n\n""}",POSITIVE
"{""content"":""Chcesz zbudować, odnowić, przywrócić lub po prostu zorganizować\n.make Twój dom Kup dom lub działkę. lub\nTylko w celu pokrycia własnej rodziny lub wypłaconej.\nAby uzyskać więcej informacji, skontaktuj się z moją pocztą""}",POSITIVE
"{""content"":""remont i przebudowa""}",POSITIVE
"{""content"":""OPIS\n\nSzukamy BRAND AMBASADORÓW\n\ndo świadczenia usług przy projekcie dla Philip Morris Polska Distribution Sp. z\no.o.,\n\nwłaściciela marki m.in Marlboro, L&M, Parliament oraz systemu do podgrzewania\ntytoniu IQOS.\n\nOferujemy:\n\n * wynagrodzenie podstawowe w wysokości 29zł/h brutto,\n\n * zatrudnienie na umowę zlecenie,\n\n * elastyczne godziny pracy w ramach ustalonego harmonogramu,\n\n * szkolenia i stałe wsparcie koordynatora.\n\nWymagania:\n\n * pełnoletność,\n\n * dyspozycyjność 5 dni w tygodniu min.6 h (wtorek-sobota),\n\n * wysoka kultura osobista, komunikatywność,\n\n * zaangażowanie w powierzone obowiązki,\n\n * nastawienie na osiągnięcie wyznaczonych celów,\n\n * proaktywne podejście do klienta.\n\nMiejsce pracy: punkty sprzedaży detalicznej.\n\n\n\nDo zgłoszenia prosimy załączyć CV.""}",POSITIVE
"{""content"":""OPIS\n\nNa tym stanowisku będziesz odpowiedzialny/-a za:\n\n * Wysokiej jakości obsługę klienta\n\n * Obsługę kas biletowych\n\n * Przygotowywanie i sprzedaż artykułów spożywczych\n\n * Utrzymywanie czystości obiektu\n\nWymagania:\n\n * Umiejętność pracy w zespole\n\n * Komunikatywność\n\n * Dokładność i sumienność·\n\n * Dyspozycyjność\n\nOferujemy:\n\n * Elastyczne godziny pracy\n\n * Zniżki na bilety\n\n * Możliwość awansu i rozwoju w strukturach firmy\n\n * Najlepszy zespół :)\n\nUprzejmie informujemy, że skontaktujemy się tylko z wybranymi kandydatami.""}",POSITIVE
"{""content"":""OPIS\n\nBEZPIECZNA PRACA W NIEMCZECH Z UMOWĄ O PRACĘ.\n\nPoszukujemy budowlańców, specjalistów, elektryków, monterów, techników i\npracowników produkcji.\n\nPrzykładowe stawki:\n\n * ELEKTRYK - 14,5 Buro Brutto/h\n\n * MECHATRONIK -- 14,5 Euro Brutto/h\n\n * OPERATOR WÓZKA - 13,5 Euro Brutto/h\n\n * OPERATOR MASZYN -- 14 Euro Brutto/h\n\n * PRACOWNIK MAGAZYNU - 13 Euro Brutto/h\n\n * PRACOWNIK BUDOWY - 14 Euro Brutto/h\n\n * TYNKARZ/MURARZ - 14 Euro Brutto/h\n\n * PRACOWNIK PRODUKCJI - 13 Euro Brutto/h\n\nPoszukiwanie rzetelnych pracowników to jedno z naszych najważniejszych wyzwań.\nJako KLG SOLUTIONS zależy nam na zespole pracowników składającym się z osób\nrzetelnych, odpowiedzialnych i doświadczonych. Dla nas ważne jest, aby taki\npracownik był odpowiednio wynagradzany i motywowany do pracy.\n\nOferujemy konkurencyjne wynagrodzenia, możliwości rozwoju zawodowego i dodatkowe\nbenefity, aby przyciągnąć dobrej jakości pracowników i zatrzymać ich w naszej\nfirmie na dłużej. Dzięki temu, nasz zespół pracowników składa się z ludzi,\nktórzy są nie tylko fachowcami, ale również pasjonatami swojej pracy.\n\nPROSTA REKRUTACJA\n\n1. Wyślij do nas CV przez jeden z formularzy na naszej stronie Internetowej.\n\n2. Poczekaj na kontakt naszego przedstawiciela,z którym omówisz wszystkie\nszczegóły.\n\n3. Po uzgodnieniu warunków podpisz z nami umowę i zacznij pracę w Niemczech.\n\n\n\nPEWNY KONTRAKT Z UMOWĄ O PRACĘ\n\nJako firma pośrednicząca w znalezieniu pracy zawsze stawiamy na jakość naszych\nusług oraz dobre warunki kontraktu dla naszych pracowników. Dlatego też,\njesteśmy dumni z faktu, że każdy pracownik w naszej firmie ma umowę o pracę.""}",POSITIVE
"{""content"":""OPIS\n\nSpecjalista ds. administracji / zawierania umów / relacji z klientami\n\nStruxi - lider z branży nieruchomości w województwie opolskim. W związku z\ndynamicznym rozwojem firmy poszukuje pracownika. Główne zadania dotyczą\nprzygotowywania umów i wszelkich potrzebnych dokumentów dla Klienta, współpracy\nz kancelarią notarialną oraz innymi instytucjami, dbanie o zadowolenie Klienta.\nFirma Struxi gwarantuje atrakcyjne wynagrodzenie, stabilną formę zatrudnienia,\npakiet benefitów oraz realne możliwości rozwoju. Luźną bezpośrednią atmosferę i\npracę z przyjaznym, profesjonalnym zespołem.\n\nZadania:\n\n·         przygotowywanie oraz zawieranie umów deweloperskich i przedwstępnych\n\n·         przygotowywanie oraz zawieranie aneksów do umów\n\n·         nadzór nad przygotowaniem oraz podpisywanie aktów przeniesienia\nwłasności\n\n·         odpowiadanie na pytania i uwagi klientów oraz ich pełnomocników\ndotyczące wzorów umów deweloperskich/przedwstępnych/ostatecznych\n\n·         kontakt z kancelariami notarialnymi w zakresie współpracy przy\nobsłudze klientów\n\n·         prowadzenie działań formalno - prawnych związanych z zakupem\nnieruchomości\n\n·         pozyskiwanie i opracowywanie dokumentów niezbędnych do otwierania\nrachunków powierniczych\n\n·         obsługa klienta zgodnie z najlepszymi standardami\n\n·         współpraca z zespołem, innymi działami w firmie oraz instytucjami\nzewnętrznymi\n\n·         administrowanie\n\nPraca jest dla Ciebie jeśli:\n\n·         Masz min. 5 letnie doświadczenie w pracy z dokumentacją prawniczą\n(kancelaria prawna lub notarialna)\n\n·         Masz wysoką kulturę osobistą, zdolności interpersonalne i umiejętność\npracy z klientem\n\n·         Jesteś silnie zmotywowany/a  i zaangażowany/a w wykonywaną pracę\n\n·         Jesteś samodzielny/a i umiesz zorganizować sobie czas na pracę\n\n·         Lubisz kontakt z ludźmi, masz pozytywne nastawienie i potrafisz\nbudować relacje\n\n·         Masz chęć nauki wymogów formalno - prawnych związanych z zakupem\nnieruchomości\n\nOferujemy:\n\n·         Umowa o pracę\n\n·         Możliwość rozwoju, pracy z mentorem, uczenia się nowych kompetencji\n\n·         Luźną atmosferę, dużo komunikacji a także wsparcia\n\n·         Atrakcyjne wynagrodzenie + pakiet benefitów (m.in.: ubezpieczenie\nmedyczne, imprezy integracyjne oraz inne benefity)\n\n\n\n\n\nW CV proszę o zawarcie informacji:\n\n\""Wyrażam zgodę na przetwarzanie moich danych osobowych dla potrzeb niezbędnych\ndo realizacji procesu rekrutacji (zgodnie z ustawą z dnia 10 maja 2018 roku o\nochronie danych osobowych (Dz. Ustaw z 2018, poz. 1000) oraz zgodnie z\nRozporządzeniem Parlamentu Europejskiego i Rady (UE) 2016/679 z dnia 27 kwietnia\n2016 r. w sprawie ochrony osób fizycznych w związku z przetwarzaniem danych\nosobowych i w sprawie swobodnego przepływu takich danych oraz uchylenia\ndyrektywy 95/46/WE (RODO)).\""""}",POSITIVE
"{""content"":""OPIS\n\n * jeśli cenisz sobie dobrą atmosferę w pracy, opiekę stomatologiczną na\n   preferencyjnych zasadach dla Ciebie i Twojej rodziny?\n\n * jesteś rejestratorką medyczną lub uczysz się tego zawodu i chcesz się\n   rozwijać w nowoczesnej przychodni?\n\n * chciałbyś z nami współpracować?\n\n * porozmawiać i otrzymać więcej informacji?\n\n * napisz do nas maila! wybrane osoby zostaną zaproszone na rozmowę\n   kwalifikacyjną\n\n\n\n""}",POSITIVE
"{""content"":""OPIS\n\nOśrodek wypoczynkowy w Dźwirzynie przyjmie Panie - Panów do Pracy w charakterze\nPokojowa , kelner , kelnerka\n\nPytania i zgłoszenia w sprawie pracy przyjmujemy wyłącznie pod numerem\n69*******81 .""}",POSITIVE
"{""content"":""OPIS\n\nPRACA OD ZARAZ\n\nPensja gwarantowana\n\nW związku z dynamicznym rozwojem firmy poszukujemy fryzjera/fryzjerki do salonu\nMeyka.\n\nOferujemy:\n\n * Jasne i rzetelne warunki pracy\n\n * Bardzo atrakcyjna forma wynagrodzenia\n\n * Pracę w stabilnej firmie\n\n * Pensja zawsze na czas\n\n * Możliwość rozwoju\n\n * Pracę w przyjaznej atmosferze\n\n * Elastyczny grafik\n\nJeżeli jesteś osobą pracowitą, sumienną, gotową na nowe wyzwania i chcącą\nzarabiać adekwatnie do posiadanych umiejętności, ta oferta jest właśnie dla\nCiebie!!!\n\nCV proszę przesłać na adres ewelina_okon wp.pl\n\n(po ewelina_okon jest małpa)\n\n""}",POSITIVE
"{""content"":""OPIS\n\nMODELKA – BRANŻA FASHION (www.clamodi.com)\n\nCLAMODI PROSTA SPÓŁKA AKCYJNA z siedzibą w Warszawie, specjalizująca się w\nbranży odzieżowej, poszukuje doświadczonej modelki, która będzie reprezentować\nMARKĘ oraz prezentować nasze produkty na naszej stronie internetowej oraz w\nmediach społecznościowych.\n\nWymagania:\n\n * Doświadczenie w modelingu damskim, preferowane w branży odzieżowej lub\n   pokrewnej\n\n * Wysoka kultura osobista i umiejętności interpersonalne\n\n * Umiejętności komunikacyjne i prezentacyjne\n\n * Wysoka elastyczność i otwartość na zmiany\n\n * Umiejętność pracy w zespole oraz samodzielność\n\n * Umiejętność dopasowania się do różnych stylów i wizerunków\n\n * Wysoka świadomość własnego ciała i umiejętność dostosowania się do wymagań\n   dotyczących ubioru\n\n * Dyspozycyjność i gotowość do pracy w różnych godzinach\n\nObowiązki:\n\n * Prezentacja odzieży damskiej w naszym sklepie internetowym i w mediach\n   społecznościowych\n\n * Udział w sesjach fotograficznych\n\n * Współpraca z zespołem marketingowym i kreatywnym w celu przygotowania\n   kampanii reklamowych\n\n * Współpraca z zespołem w zakresie tworzenia materiałów wideo i zdjęć dla\n   potrzeb promocji produktów\n\n * Współpraca z innymi modelkami i osobami z branży mody\n\n * Profesjonalna reprezentacja wizerunku MARKI\n\n * Aktywne reprezentowanie MARKI w social mediach\n\nOferujemy:\n\n * Możliwość pracy w dynamicznie rozwijającej się firmie z branży odzieżowej\n\n * Atrakcyjne wynagrodzenie adekwatne do posiadanych umiejętności i\n   doświadczenia\n\n * Stabilne zatrudnienie na umowę o pracę w Skierniewicach\n\n * Przyjazną atmosferę pracy w zespole z pasją i zaangażowaniem\n\n * Możliwość rozwoju zawodowego i doskonalenia umiejętności w oparciu o\n   szkolenia i projekty\n\nJeśli posiadasz doświadczenie w modelingu, jesteś kreatywna i chcesz pracować z\nzespołem w dynamicznie rozwijającej się firmie z branży odzieżowej, prześlij nam\nswoje CV i zdjęcia. Zachęcamy!\n\nZłóż swoje CV, dodając klauzulę “Wyrażam zgodę na przetwarzanie moich danych\nosobowych przez CLAMODI PROSTA SPÓŁKA AKCYJNA z siedzibą w Warszawie ul.\nMłynarska 42/115, 01-171 Warszawa w celu i zakresie niezbędnym w procesie\nrekrutacji oraz na potrzeby przyszłych rekrutacji”.""}",POSITIVE
"{""content"":""OPIS\n\nProducent sukni ślubnych NABLA do swojego firmowego salonu w Krakowie zatrudni\n\nkrawcową.\n\n\n\nNasze oczekiwania:\n\n * szycie sukni ślubnych\n\n * wykonywanie przymiarek\n\n * poprawki krawieckie\n\n * obsługa klientek\n\n\n\nDodatkowym atutem będzie:\n\n * doświadczenie w branży ślubnej\n\n\n\nOferujemy:\n\n * stałą pracę\n\n * zatrudnienie na pełny etat na postawie umowy o pracę\n\n * atrakcyjne wynagrodzenie\n\n * możliwości rozwoju\n\n\n\nAplikacja za pomocą formularza OLX,\n\nlub prosimy o wysyłanie CV na firmowy adres e-mail.""}",POSITIVE
"{""content"":""OPIS\n\nPrzedsiębiorstwo Komunikacji Samochodowej w Grodzisku Maz. Sp. z o.o. poszukuje\nkandydatów na stanowisko:\n\n \n\nKierowca autobusu (prawo jazdy kat. D)\n\n \n\nmiejsce pracy:\n\nPiaseczno\n\nKonstancin Jeziorna\n\nGóra Kalwaria\n\n \n\nWYNAGRODZENIE UMOWA O PRACĘ:\n\n- linie podmiejskie L­ – od ok 4 600 netto (21 dni pracy)\n\n \n\nOFERUJEMY:\n\n·       Stabilne zatrudnienie w oparciu o umowę o pracę\n\n * Niezbędne przygotowanie do pracy na stanowisku\n\n * Szkolenie stanowiskowe\n\nWIĘCEJ INFORMACJI POD NUMEREM TELEFONU:\n\n \n\n606 – 265 - 693\n\n696 – 009 - 851\n\nOferujemy zakwaterowanie w hotelu pracowniczym!!!""}",POSITIVE
"{""content"":""OPIS\n\nOferujemy: -wynagrodzenie : 110 euro za dzień (przy dwóch dachach dziennie -220\neuro) -pracę od poniedziałku do piątku po 8h dziennie -umowę o pracę na pełen\netat bądź współpracę B2B -zapewniamy samochód służbowy oraz potrzebne narzędzia\n-niezbędne narzędzia do pracy -pracę w zespole Monter Instalacji\nFotowoltaicznych na Słowacji Wymagania: -znajomość branży fotowoltaicznej\n-doświadczenie na podobnym stanowisku -umiejętności techniczne -podstawową\nznajomość budowy sieci instalacji elektrycznych -gotowość do pracy w terenie\nZakres obowiązków: - rozplanowanie ułożenia okablowania i modułów\nfotowoltaicznych -montaż urządzeń fotowoltaicznych na dachach -przestrzeganie\nzasad BHP Nie czekaj aplikuj już dziś! MK JOB to firma z wieloletnim\ndoświadczeniem na rynku lokalnym jak i międzynarodowym ,zajmująca się rekrutacją\npracowników. Oferujemy stabilne zatrudnienie .""}",POSITIVE
"{""content"":""OPIS\n\nOferujemy: -wynagrodzenie : 110 euro za dzień (przy dwóch dachach dziennie -220\neuro) -pracę od poniedziałku do piątku po 8h dziennie -umowę o pracę na pełen\netat bądź współpracę B2B -zapewniamy samochód służbowy oraz potrzebne narzędzia\n-niezbędne narzędzia do pracy -pracę w zespole Monter Instalacji\nFotowoltaicznych na Słowacji Wymagania: -znajomość branży fotowoltaicznej\n-doświadczenie na podobnym stanowisku -umiejętności techniczne -podstawową\nznajomość budowy sieci instalacji elektrycznych -gotowość do pracy w terenie\nZakres obowiązków: - rozplanowanie ułożenia okablowania i modułów\nfotowoltaicznych -montaż urządzeń fotowoltaicznych na dachach -przestrzeganie\nzasad BHP Nie czekaj aplikuj już dziś! MK JOB to firma z wieloletnim\ndoświadczeniem na rynku lokalnym jak i międzynarodowym ,zajmująca się rekrutacją\npracowników. Oferujemy stabilne zatrudnienie .""}",POSITIVE
"{""content"":""OPIS\n\nNowoczesne Centrum Stomatologii \"" YesDent \"" we Wrocławiu, Nowej Rudzie oraz\nŁagiewnikach nawiąże współpracę z lekarzem stomatologiem 1-2(początkowo) dni w\ntygodniu. Oferujemy atrakcyjne warunki finansowe ; najnowszy sprzęt - Tomograf ,\nmikroskop ; duży komfort pracy oraz miłą atmosferę :) Pacjenci tylko prywatni.\n\nZapraszamy do kontaktu.\n\ntel. 60********43 Osoby zainteresowane prosimy o przesłanie Cv .\nbiuro&yesdent.pl Prosimy o zawarcie w CV klauzuli: „Wyrażam zgodę na\nprzetwarzanie danych osobowych zawartych w mojej ofercie pracy dla potrzeb\nniezbędnych do realizacji procesu rekrutacji prowadzonego przez Indywidualna\nPraktyka Lekarska Małgorzata Wojdyła Turek Nowa Ruda zgodnie z ustawą z dnia 29\nsierpnia 1997 r. o ochronie danych osobowych (tj. Dz. U. z 2014 r. poz. 1182,\n1662).""}",POSITIVE
"{""content"":""OPIS\n\nW związku z rozwojem naszej firmy poszukujemy osoby na stanowisko instalatora\nsystemów teletechnicznych-elektrycznych. Głównie zajmujemy się budową systemów\nmonitoringu wizyjnego CCTV oraz alarmowych.\n\n \n\nZakres obowiązków:\n\n\n\n\n\n * Wykonywanie instalacji okablowania strukturalnego\n\n * Montaż systemów CCTV, KD, alarmowych\n\n * Budowa sieci światłowodowych\n\n * Instalacja systemów alarmowych\n\n * Modernizacja/serwis istniejącej infrastruktury\n\n * Instalacja i konfiguracja urządzeń peryferyjnych\n\n\n\nWymagania:\n\n * Doświadczenie na podobnym stanowisku\n\n * Prawo jazdy kat. B\n\n * Umiejętność pracy w zespole\n\n * Chęć rozwoju oraz podnoszenia kwalifikacji\n\n * Znajomość podstawowych pojęć i zasad działania sieci TCP/IP (mile widziane)\n\n * Uprawnienia SEP 1kV (mile widziane)\n\n * Uprawnienia UDT na podesty ruchome (mile widziane)\n\n \n\nOferujemy:\n\n * Stabilne zatrudnienie w rozwijającej się firmie\n\n * Atrakcyjne wynagrodzenie\n\n * Praca na pełny etat, umowa o pracę.\n\n * Stawiamy na przyjazną atmosferę w firmie, w związku z tym organizujemy\n   wyjazdy integracyjne dla całego zespołu.\n\n * Oferujemy szkolenia i możliwość rozwoju""}",POSITIVE
"{""content"":""Firma J.J. Jerzy Gaszczyk zatrudni pracowników na stanowisko Pracownik obróbki\ndrewna-stolarz - przy produkcji mebli ogrodowych Twój zakres obowiązków •\nobsługa linii produkcyjnej – wycinanie elementów drewnianych; • obróbka\nelementów drewnianych; • układanie elementów na palety; • obsługa szlifierki\nkątowej i obsługa piły taśmowej Nasze wymagania • wykształcenie minimum\nzawodowe; • komunikatywność i umiejętność pracy w zespole; • doświadczenie w\npracy przy produkcji (mile widziane w branży drzewnej). • mile widziani emeryci\nTo oferujemy • stabilne zatrudnienie na umowę o pracę bezpośrednio u pracodawcy;\n• atrakcyjne zarobki + system premiowy; • pracę od poniedziałku do piątku w\nsystemie dwuzmianowym • możliwość rozwoju i podnoszenia kwalifikacji; • pracę w\nfirmie, która nie jest dużą korporacją. Klient ma wiele lat doświadczenia na\nrynku, stosuje nowoczesne rozwiązania technologiczne, zapewniając jednocześnie\nuproszczone procedury i świetną atmosferę w pracy. Telefon kontaktowy : +48 ***\n*** ***""}",POSITIVE
"{""content"":""OPIS\n\nPrestiżowy lokal w centrum Łodzi poszukuje atrakcyjnych , pewnych siebie\ndziewczyn na stanowisko hostessy/ tancerki!\n\nNic się nie martw jak nie masz doświadczenia , wszystkiego Cię nauczymy !\n\nJakie obowiązki należą do hostessy ?\n\nHostessa towarzyszy naszemu klientowi przy stoliku, rozmawia z nim, ładnie się\nprezentuje.\n\nA jakie obowiązki ma tancerka ?\n\nTancerki występują na scenie prezentując tańce pole dance, rozmawiają z\nklientami.\n\nOferujemy :\n\n# Bardzo atrakcyjne zarobki w formie tygodniówek wypłacane na konto bankowe, od\n2000 tys tygodniowo w górę ( dla tancerek ) .\n\n# Umowę na czas nieokreślony z możliwością darmowego ubezpieczenia # Grafik -\ntygodniowy ! Trzeba przepracować minimum 3 dni\n\n# Legalną , bezpieczną pracę w przyjaznym środowisku ( nie świadczymy żadnych\ndodatkowych usług ! )\n\n# Możliwość postawienie pierwszych kroków w branży !\n\nNie wymagamy doświadczenia ! Jesteśmy w stanie Cię wszystkiego nauczyć wystarczą\ntylko chęci, nienaganna sylwetka i gotowość do pracy w godzinach nocnych.\n\nDlaczego akurat my ?\n\nTraktujemy naszych pracowników z należytym szacunkiem, dbamy o dobrą atmosferę w\npracy , tak żeby każdy czuł się komfortowo, a jednocześnie mógł zarabiać dobre\npieniądze ! Poza tym mamy lokale w całej Polsce - możliwość podróżowania i\nzarabiania fajnych pieniędzy !\n\nZainteresowana ?\n\nJak aplikować? Przez portal : imię i nazwisko, wiek + numer telefonu + zdjęcie\ntwarzy i sylwetki lub link do insta/fb/etc.""}",POSITIVE
"{""content"":""OPIS\n\nNowopowstający gabinet YASUMI Instytut Zdrowia i Urody w Zielonej Górze\nzatrudni:\n\n * kosmetyczki,\n\n * manicurzystki.\n\nOferujemy pracę w stabilnej rynkowo firmie oraz możliwości rozwoju (szkolenia).\n \n\nZakres pracy:\n\n * wykonywanie zabiegów kosmetycznych z zakresu kosmetyki pielęgnacyjnej,\n   upiększającej i leczniczej\n\n * udzielanie porad z zakresu kosmetyki,\n\n * obsługa zaawansowanych urządzeń kosmetycznych,\n\n * wykonywanie zabiegów manicure i pedicure,\n\n * sprzedaż produktów kosmetycznych,\n\n * obsługa recepcji i programu do obsługi klienta/versum/booksy.\n\nWymagania:\n\n * wykształcenie kierunkowe, doświadczenie będzie dodatkowy atutem,\n\n * umiejętność wykonywania zabiegów kosmetycznych,\n\n * umiejętność samodzielnej organizacji pracy,\n\n * dyspozycyjność,\n\n * komunikatywność, otwartość,\n\n * wysoka kultura osobista,\n\n * umiejętności sprzedażowe,\n\n * postawa otwarta na klienta,\n\n * obsługa komputera.\n\nOferujemy:\n\n * pracę w nowym salonie renomowanej marki Yasumi zlokalizowanym w Zielonej\n   Górze,\n\n * satysfakcjonujące wynagrodzenie,\n\n * możliwość rozwoju zawodowego w postaci szkoleń,\n\n * przyjazną i twórczą atmosferę pracy w dynamicznym zespole,\n\n * dużą samodzielność działania,\n\nYASUMI to największa w Polsce sieć Instytutów kosmetycznych i SPA z 18-letnią\ntradycją. W naszych salonach realizujemy idee całościowej pielęgnacji, dbając\nnie tylko o zdrowie i urodę, ale również o samopoczucie oraz ukojenie zmysłów. W\ntrakcie zabiegów łączymy usługi kosmetyki estetycznej, zabiegi na twarz i ciało,\nz usługami wellness, na które składają się masaże i rytuały.\n\nNasz wykwalifikowany personel, wspierany przez najnowsze technologie, dobiera\nindywidualny program pielęgnacji.\n\nJeśli chcesz stać się częścią dynamicznej marki i odpowiadasz powyższym\noczekiwaniom, prześlij swoje CV wraz ze zdjęciem za pośrednictwem formularza\nOLX.""}",POSITIVE
"{""content"":""OPIS\n\nJesteśmy firmą z pasją do rozwiązywania problemów klientów :).\n\nSzukamy osób którzy tą pasję z nami podzielą :)\n\nOferujemy ciekawą i interesującą pracę, pełną nowych wyzwań każdego dnia. W\nzwiązku z naszym ciągłym rozwojem poszukujemy pracowników na stanowisko\npracownik administracyjno - biurowy.\n\nOpis stanowiska:\n\n\n\n * obsługa zamówień\n\n * wprowadzanie dokumentów do systemu,\n\n * rejestracja i obsługa zleceń serwisowych w systemie,\n\n * obsługa korespondencji mailowej,\n\n * współpraca i wspomaganie działu handlowego\n\n * wystawianie dokumentów sprzedażowych\n\n * sporządzanie różnego rodzaju dokumentów firmowych,\n\nWymagania:\n\n\n\n * punktualność, dokładność\n\n * biegła znajomość programów typu MS Office,\n\n * dobra organizacja pracy,\n\n * umiejętność pracy w zespole,\n\n * komunikatywność\n\n * odporność na stres\n\n * minimum komunikatywna znajomość języka angielskiego\n\nOferujemy:\n\n * wynagrodzenie adekwatne do umiejętności i zaangażowania\n\n * stałą i stabilną pracę w ramach umowy o pracę , po okresie próbnym\n\n * przyjazną atmosferę pracy w młodym i dynamicznym zespole\n\n * wsparcie merytoryczne\n\n * szkolenia\n\n * możliwość rozwoju i awansu\n\nOsoby zainteresowane prosimy o przesłanie swojej aplikacji zawierającej CV.""}",POSITIVE
"{""content"":""OPIS\n\nZapraszamy do naszego zespołu!\n\nNowo powstały, ekskluzywny salon Structura Klinika estetyczna w Gnieźnie\nposzukuje do pracy kilka osób:\n\nStylistkę paznokci\n\nStylistkę brwi i rzęs\n\nMakijażystka\n\nPodologa\n\nKosmetologa\n\noraz innych specjalistek branży Beauty\n\nJeśli jesteś uśmiechnięta, zaangażowana i komunikatywna, a branża Beauty to\ntwoja pasja? Zapraszamy do kontaktu.\n\nZapewniamy stałą płacę oraz premię zależną od wyników pracy, szkolenia\npodnoszące kwalifikacje zawodowe, prace na materiałach najwyższej jakości,\nPrywatny parking.\n\nRozwijaj się z nami i pracuj w miłej, swobodnej atmosferze.\n\nOsoby zainteresowane uprzejmie proszę o przesłanie CV na maila\n\nProsimy o załączenie oświadczenia. Wyrażam zgodę na przetwarzanie moich danych\nosobowych dla potrzeb niezbędnych do realizacji procesu rekrutacji (zgodnie z\nustawą z dnia 10 maja 2018 roku o ochronie danych osobowych (Dz. Ustaw z 2018,\npoz. 1000) oraz zgodnie z Rozporządzeniem Parlamentu Europejskiego i Rady (UE)\n2016/679 z dnia 27 kwietnia 2016 r. w sprawie ochrony osób fizycznych w związku\nz przetwarzaniem danych osobowych i w sprawie swobodnego przepływu takich danych\noraz uchylenia dyrektywy 95/46/WE (RODO).""}",POSITIVE
"{""content"":""OPIS\n\nZakres obowiązków:\n\nsamodzielne rozpoznawanie usterek w pojeździe oraz ich naprawa,\n\nplanowanie przebiegu prac w pojeździe,\n\numiejętność posługiwania się narzędziami diagnostycznymi oraz specjalistycznymi,\n\ndobra organizacja pracy.\n\nNasze wymagania\n\ndobra znajomość z zakresu budowy pojazdów samochodowych,\n\numiejętność wymiany elementów rozrządu,\n\numiejętność wymiany sprzęgieł,\n\nwiedza na temat budowy i naprawy układów zasilania benzyna/diesel\n\nsumienność i zaangażowanie,\n\nPraca od poniedziałku do piątku.\n\nZapraszam do kontaktu 50*****96 lub oponydawidy(małpa)wp.pl""}",POSITIVE
"{""content"":""OPIS\n\nSzukasz pracy, w której nie będziesz musiał się stresować? Zależy Ci na dobrej\natmosferze w pracy? My spełniamy te warunki!:)\n\nAktualnie poszukujemy osób na stanowisko Konsultanta Telefonicznego\n\n\n\nDo Twoich obowiązków będzie należało:\n\n-telefoniczna obsługa klienta\n\n-dbanie o jakość rozmów\n\n\n\nW zamian za to:\n\n-Otrzymasz wynagrodzenie podstawowe + wysokie prowizje sprzedażowe, nawet 300zł\ndziennie!\n\n-Początkowo zaczniesz na umowę zlecenie, później szybko przejdziesz na umowę o\npracę\n\n-Będziesz pracował w zgranym zespole, gdzie otrzymasz pomoc od doświadczonych\ntrenerów\n\n\n\nCzego oczekujemy od Ciebie?\n\n-chęci do pracy i uśmiechu na twarzy :)\n\n\n\nAdministratorem danych osobowych jest Great Call Sp. z o.o. S.K.A z siedzibą w\nBydgoszczy przy ul. Fordońskiej 40. Wysyłając aplikację zgadzasz się na\nprzetwarzanie swoich danych osobowych w celach rekrutacyjnych na stanowisko\nwskazane w ogłoszeniu. Podanie danych osobowych wskazanych w Kodeksie Pracy lub\ninnych ustawach szczegółowych jest obowiązkowe, natomiast podanie pozostałych\ndanych(np. wizerunek) jest dobrowolne i nie ma wpływu na możliwość wzięcia\nudziału w rekrutacji. Przysługuje Ci również prawo dostępu do Twoich danych, do\nich sprostowania, prawo do ich usunięcia, ograniczenia przetwarzania danych,\nprawo do wniesienia sprzeciwu wobec przetwarzania danych, prawo do przenoszenia\ndanych, prawo do wniesienia skargi do organu nadzorczego""}",POSITIVE
"{""content"":""Medycyna pracy od ręki ,badania wysokościowe,\nksiążeczka sanepidu wraz z orzeczeniem lekarskim=tylko 100zł\nBadania okresowe 80zł\nBadania dla kierowców 80zł\n\nBłyskawiczna realizacja ,wysyłka na cały kraj,płatne przy odbiorze.\nMasz dużą firmę ,potrzebujesz na cito orzeczenia medycyny pracy -szybko\n,dyskretnie,bez kolejek.\n\nMasz pytania zadzwoń lub napisz\nmarekmedycyna @yahoo.com(bez spacji)""}",POSITIVE
"{""content"":""OPIS\n\nWitam. Zatrudnię na stanowisko kierowca międzynarodowy!!! System pracy 4 /1 lub\n3/1 ( czyli 4 tygodnie w trasie za granica 1 tydzien w domu )Stawka to 250 zł\nsamochód ze spaniem na górze i zabudowa 10 euro paletowa z plandeka, Telefon\nsłużbowy. Umowa o prace Potrzebujemy kierowcy od zaraz Doświadczenie mile\nwidziane lecz nie wymagane.\n\n\n\nJeżeli jesteś zainteresowany/a proszę dzwonić i nie wysyłać bez myślnie CV.""}",POSITIVE
"{""content"":""OPIS\n\nPRACA OD ZARAZ!\n\nSzukamy cały czas osoby której zależy na STABILNYM zatrudnieniu, spokojnej,\nmiłej atmosferze, która będzie współtworzyć markę Rogaty Pazur razem z\nwłaścicielką na DŁUŻSZY OKRES CZASU. Nie szukamy osoby na chwilę.\n\nCV WRAZ ZE SWOIM ZDJĘCIEM I ZDJĘCIA PRAC PAZNOKCI rogaty.pazur(malpka)gmail.com\njeśli to kłopot to proszę przez olx ale wolę e-mail.\n\nCały etat/ lub 3/4 lub 1/2 kwestia dogadania Podstawa plus %od utargu Umowa\nzlecenie lub umowa o pracę do wyboru :)\n\nELASTYCZNY CZAS PRACY podkreślam elastyczny, serdecznie zapraszam\n\nPOSZUKUJĘ\n\nKREATYWNEJ SYMPATYCZNEJ OSOBY NA STANOWISKO\n\nSTYLISTKA PAZNOKCI W Jaworznie \n\nWYMAGANIA:\n\n-umiejętność wykonywania: manicure hybrydowy, stylizacje żelowe (uzupełnienie,\nprzedłużanie na formie!), zdobienia (lub też nie)\n\n-zaangażowanie i chęć rozwoju\n\n-komunikatywność i wysoka kultura osobista\n\n-mile widziane doświadczenie\n\n \n\nOFERUJĘ:\n\n-nabycie nowych umiejętności (szkolenia, pokazy)\n\n-satysfakcjonującą pracę w miłej, wesołej! i ciepłej atmosferze\n\n-elastyczny czas pracy\n\n-pracę na najlepszych materiałach\n\n-umowę na dogodnych warunkach, atrakcyjne wynagrodzenie, premia uznaniowa\n\n-pełny etat lub ½ etatu\n\n-strój firmowy\n\n \n\nChcesz być członkiem zespołu Rogatego Pazura? Ta praca jest właśnie dla ciebie!\nDołącz do pozytywnie zakręconej właścicielki i twórz swoje małe, boskie dzieła\nsztuki!\n\n \n\nPrześlij swoje CV z klauzulą o wyrażeniu zgody na przetwarzanie danych osobowych\nna potrzeby rekrutacji oraz KILKA ZDJĘĆ SWOICH PRAC-PAZNOKCI I WZORKÓW na\ne-mail: rogaty.pazur gmail.com\n\nOdezwiemy się do wybranych osób.""}",POSITIVE
"{""content"":""OPIS\n\nDzień dobry!\n\nDuża firma z branży gastronomicznej, o rozpoznawalnej marce na rynku, poszukuje\nosoby na stanowisko Kelner na cały etat lub w połowie etatu.\n\n \n\nOferujemy:\n\n• umowę o pracę, możliwość pracy w niepełnym wymiarze czasu pracy\n\n• możliwość szkoleń i rozwoju\n\n• możliwość dopasowania czasu pracy np. dla uczniów\n\n \n\nPożądane cechy i umiejętności:\n\n• mile widziane doświadczenie na stanowisku kelner\n\n• wysoka kultura osobista\n\n• pracowitość i ambicja\n\n• dobra organizacja pracy\n\nZakres obowiązków:\n\n• współpraca z managerem\n\n• przyjmowanie zamówień od klientów, obsługa klientów w lokalu\n\n• przyjmowanie zamówień telefonicznych i online\n\n• rozliczanie sprzedaży dziennej\n\n• zamawianie towaru\n\n• dbanie o czystość i porządek na stanowisku pracy oraz na sali konsumpcyjnej\n\n \n\nJeśli dodatkowa jesteś osobą optymistyczną, z pozytywnym nastawieniem do ludzi,\nto ta oferta jest właśnie dla Ciebie.\n\nZapraszamy do przesłania aplikacji.""}",POSITIVE
"{""content"":""Medycyna pracy od ręki ,badania wysokościowe,\nksiążeczka sanepidu wraz z orzeczeniem lekarskim=tylko 100zł\nBadania okresowe 80zł\nBadania dla kierowców 80zł\n\nBłyskawiczna realizacja ,wysyłka na cały kraj,płatne przy odbiorze.\nMasz dużą firmę ,potrzebujesz na cito orzeczenia medycyny pracy -szybko\n,dyskretnie,bez kolejek.\n\nMasz pytania zadzwoń lub napisz\nmarekmedycyna @yahoo.com(bez spacji)""}",POSITIVE
"{""content"":""Potrzebujesz badań sanepidowskich ,zdolności do pracy na wysokości powyżej 3m ,\nmedycyna pracy ,badania wstępne ,badania okresowe.\n\nMasz pytania napisz lub zadzwoń\n\nmedycynapracy @yahoo.com(bez spacji)\n\nKsiążeczka sanepidowska + orzeczenie lekarskie do spraw\nsanitarno-epidemiologicznych =100zł\nOrzeczenie lekarskie o zdolności do pracy na wysokości 80zł\nBadania dla kierowców 80zł\nBadania wstępne medycyny pracy i okresowe 80zł\n\nNie marnuj czasu w kolejkach,zamów już dziś szybko i wygodnie bez zbędnych\nformalności.\n\nWysyłka na terenie całego kraju ,\nprzesyłka pobraniowa -płatna przy odbiorze.\n\nmedycynapracy @yahoo.com(bez spacji)""}",POSITIVE
"{""content"":""Witam, Poszukuję osoby fizycznej do pracy przy zbiorach ogórków w\nszklarniach/tunelach. Godziny pracy do ustalenia.""}",POSITIVE
"{""content"":""OPIS\n\nTwój zakres obowiązków\n\n * przyłączanie abonentów do sieci Internet i obsługa serwisowa,\n\n * obsługa serwisowa infrastruktury sieci,\n\n * instalacja i montaż kabli światłowodowych,\n\n * wykonywanie prac instalacyjno – montażowych kabli w zakresie szkieletów,\n   przyłączy do budynków, okablowania pionowego,\n\n * wykonywanie pomiarów, opracowywanie dokumentacji pomiarowej i ich\n   interpretacja,\n\n * inwentaryzacja sieci wraz z bieżącą aktualizacją dokumentacji technicznej.\n\nNasze wymagania\n\n * wykształcenie techniczne z dziedziny telekomunikacji lub pokrewne (średnie),\n\n * podstawowa wiedza z zakresu architektury sieci telekomunikacyjnej (warunek\n   niezbędny)\n\n * znajomość zagadnień z branży telekomunikacyjnej w zakresie dostaw/dystrybucji\n   Internetu dla wielu użytkowników –sieci kablowe i bezprzewodowe,\n\n * umiejętność odczytywania założeń z dokumentacji projektowej\n\n * umiejętność pracy w zespole, kreatywność, komunikatywność, dyspozycyjność,\n   odpowiedzialność,\n\n * brak przeciwwskazań do pracy na wysokości (mile widziane uprawnienia)\n\n * prawo jazdy kat.B - konieczne,\n\n * miejsce zamieszkania na terenie Lublina lub przyległej gminy (warunek\n   konieczny)\n\nTo oferujemy\n\n * praca na terenie Legnicy,\n\n * zatrudnienie na umowę o pracę na pełnym etat,\n\n * praca w dowolnych godzinach""}",POSITIVE
"{""content"":""Wspólnota Mieszkaniowa na Sołaczu (7 lokali+parking) poszukuje administratora z\ndoświadczeniem. Oferty z numerem telefony proszę kierować na maila""}",POSITIVE
"{""content"":""Kierowca kat. B na trasie międzynarodowej Polska - Anglia. Wyjazdy raz w\ntygodniu. Wymagane posiadanie paszportu oraz doświadczenie w prowadzeniu busa.\nWięcej informacji pod numerem telefonu *********.""}",POSITIVE
"{""content"":""❗️ZATRUDNIĘ PRACOWNIKÓW BUDOWLANYCH❗️ ☑️ wykończenie wnętrz ☑️ zabudowa GK ☑️\nsufity podwieszane ☑️ szpachlowanie ☑️ malowanie ? MILE WIDZIANI: ☑️ glazurnicy\n☑️ pracownicy ze wschodu ☑️ osoby z doświadczeniem w branży ☑️ „złote rączki” ?\n+48 *** *** *** Praca Leszno-Wrocław ale również na terenie kraju""}",POSITIVE
"{""content"":""Witam szukam pracy na międzynarodówce z doświadczeniem za kierownicą od 2012\nroku. Posiadam pełną dokumentację co do danej kategorii na 5l do przodu. Wózki\nwidłowe, Szukam stabilnej i stałej pracy na umowę o pr. z wmiare z nowymi autami\ni wysoką kabiną 12-18ep. Chętnie podejmę pracę od zaraz nawet dziś. Mogą być\ntrasy do UK i powrót. Posiadam paszport i w miarę komunikatywny angielski. Po\nszkole technik-mech. Nie szukam gonitwy wkolo. Stawka +/- 400 + diety lub inne.\nSystem 3/1 lub do uzgodnienia. Gdyby chodziło o dojazd do firmy posiadam auto\nprywatne więc nie ma z tym problemu jeżeli ktoś to docenia a praca jest warta\ntego. Szukam w całej Polsce z miłą chęcią od zaraz.. Proszę pisać tylko\nkonkretne oferty.""}",POSITIVE
"{""content"":""Witam, tak jak w tytule poszukuję kobiete do spotkan moze byc staly uklad badz\njednorazowe spotkanie auto lub hotel.""}",POSITIVE
"{""content"":""Zapraszam do pracy młode dziewczyny 18-35 lat już masujące (na macie lub na\nstole).\n\nŚwietna atmosfera i strefa wypoczynku dla was..\n\nBardzo dobre wynagrodzenie/ wypłacane tyg.\n\nUmowa o pracę po okresie próbnym ,\nSzkolenie wdrażające ,\nPraca w W-wie Nowe Bemowo\nKontakt, tel: 10:00 - 18:00""}",POSITIVE
"{""content"":""Poszukujemy mężczyzny do pracy w pralni wodnej. Nie wymagane doświadczenie.\nObowiązki: obsługa pralek i suszarek. Mile widziane prawo jazdy kat.B. Pełen\netat. Wynagrodzenie płatne co dwa tygodnie. Miła atmosfera. Umowa zlecenie.\nWięcej szczegółowych informacji telefonicznie. Stawka godzinowa na rękę 17zł""}",POSITIVE
"{""content"":""Agencja Pracy Koncepcja organizuje zatrudnienie w kraju i za granicą już od\nponad 15 lat. Jest jedną z najstarszych stażem firm działających w branży\npośrednictwa pracy do Niemiec na rynku polskim. Specjalizujemy się także w\nrekrutacji i selekcji kandydatów do pracy na terenie Wrocławia i Dolnego Śląska.\nDzięki naszemu długoletniemu doświadczeniu jesteśmy w stanie zaoferować Państwu\nbezpieczne i legalne zatrudnienie u sprawdzonych pracodawców. Pracujemy tylko z\nwybranymi i starannie wyselekcjonowanymi firmami, tak aby zapewnić Państwu\nbezpieczną i satysfakcjonującą pracę. Posiadamy Certyfikat wydany przez\nMarszałka Województwa Dolnośląskiego potwierdzający wpis do Rejestru Agencji\nZatrudnienia pod nr 1926. OBECNIE POSZUKUJEMY KANDYDATÓW DO PRACY NA STANOWISKU:\nOczyszczacz odlewów Szlifierz odlewów Miejsce pracy: Niemcy, Augsburg (Bawaria)\nOFERUJEMY: • Stabilne zatrudnienie na pełny etat na co najmniej 24 miesiące •\nWynagrodzenie zależne od posiadanego doświadczenia i znajomości języka\nniemieckiego, może wynosić nawet 3100 euro/ etat plus nadgodziny •\nZakwaterowanie oferuje pracodawca – pokoje 1 osobowe z dostępem do kuchni i\nłazienki. Koszt zakwaterowania wynosi ok. 600 Euro/mc. • Pracę w renomowanej\nfirmie, która jest producentem dużych silników wysokoprężnych, gazowych oraz\nturbo maszyn • Pracę w systemie 2 lub 3 zmianowym • Możliwość nadgodzin • Brak\nkonta czasu pracy • Opłacane składki ubezpieczeniowe i emerytalne • Wszystkie\nświadczenia przysługujące pracownikom z tytułu zatrudnienia na terenie Niemiec •\nWsparcie na każdym etapie rekrutacji, pomoc konsultanta w sprawach\norganizacyjnych • Wsparcie w trakcie zatrudnienia w Niemczech • Przygotowanie\nprofilu zawodowego w języku niemieckim • Okres zatrudnienia wliczany jest do\nstażu zaliczanego do uprawnień emerytalnych ( po przepracowaniu 5 lat w\nNiemczech przysługuje prawo do niemieckiej emerytury) • Umożliwiamy\nubezpieczenie w firmie ubezpieczeniowej gwarantującej bezpłatną opiekę medyczną\ntakże w trakcie pobytu w Polsce. Możliwość ubezpieczenia innych członków\nrodziny. • Kandydaci podejmujący pracę za naszym pośrednictwem otrzymają 10 %\nrabat na usługi tłumaczeniowe wykonane w naszym biurze. W przypadku potrzeb\ntłumaczenia dokumentów na potrzeby np. kredytu w Polsce etc. Prosimy powołać się\nwówczas na to ogłoszenie • Nie pobieramy opłat za nasze usługi pośrednictwa\npracy. OBOWIĄZKI: • Prace związane z oczyszczaniem odlewów • Szlifowanie •\nObsługa maszyn • Inne obowiązki charakterystyczne dla ww. stanowiska WYMAGANIA:\n• Doświadczenie zawodowe na podobnym stanowisku • Znajomość języka niemieckiego\nmile widziana, ale niekonieczna • Własny samochód • Umiejętność pracy w zespole\n• Dokładność, sumienność, dobra kondycja fizyczna SPOSÓB APLIKOWANIA: CV w\njęzyku polskim oraz (jeżeli Państwo posiadają) niemieckim, kopie dokumentów\npotwierdzających wykształcenie, umiejętności i doświadczenie zawodowe prosimy\nprzesyłać na adres email: re*******a@k********.eu W CV prosimy o podanie\nklauzuli dotyczącej przetwarzania danych osobowych Na potrzeby tylko powyższej\nrekrutacji: Wyrażam zgodę na przetwarzanie danych osobowych zawartych w mojej\naplikacji przez Koncepcja z siedzibą we Wrocławiu ul. Podwale 62/2, 50-010\nWrocław na potrzeby przeprowadzenia procesu rekrutacji. Na potrzeby\ndługofalowego procesu rekrutacyjnego: Wyrażam zgodę na przetwarzanie danych\nosobowych zawartych w mojej aplikacji przez Koncepcja z siedzibą we Wrocławiu na\npotrzeby przyszłych procesów rekrutacji oraz przesyłanie aktualnych ofert pracy\nodpowiadających mojemu profilowi zawodowemu. Informujemy, ze przesłanie cv\noznacza jednoczesną zgodę na przetwarzanie Państwa danych osobowych. Zgodę można\nodwołać w każdej chwili wysyłając nam maila na adres: re*******a@k********.eu\nDziękujemy za przesłane dokumenty, po wstępnej selekcji, skontaktujemy się z\nwybranymi kandydatami. Agencja Pracy Koncepcja, Wrocław ul. Podwale 62/2, Nr\ntel. ** *******, kom., +48 790 613 052, kom. +48 790 592 719, kom. +48 792 785\n242, kom. +48 690 204 470, (w przypadku niedostępności pozostałych telefonów +\n48 791080654) Posiadamy wiele innych ofert pracy także w innych lokalizacjach –\npodaj nam swoje życzenia i preferencje a dopasujemy odpowiednią ofertę. E.Mail:\nre*******a@k********.eu Więcej ofert pracy na naszej stronie internetowej:\nwww.************""}",POSITIVE
"{""content"":""Medycyna pracy od ręki ,badania wysokościowe,\nksiążeczka sanepidu wraz z orzeczeniem lekarskim=tylko 100zł\nBadania okresowe 80zł\nBadania dla kierowców 80zł\n\nBłyskawiczna realizacja ,wysyłka na cały kraj,płatne przy odbiorze.\nMasz dużą firmę ,potrzebujesz na cito orzeczenia medycyny pracy -szybko\n,dyskretnie,bez kolejek.\n\nMasz pytania zadzwoń lub napisz\nmarekmedycyna @yahoo.com(bez spacji)""}",POSITIVE
"{""content"":""Przyjme wspólnika do pracy w budownictwie , zlota raczka na wspólnika .Antek""}",POSITIVE
"{""content"":""Szukam osób do prostej pracy zdalnej, wykonywanej przez Internet . Potrzebna\nosoba która posiada podstawowe info dotyczące obsługi komputera - tzn\n.wypełnienie wniosku , odpisanie , napisanie maila - praca nie ma sztywnych\ngodzin , pracujesz kiedy i ile chcesz - nie ma żadnych limitów ani wymagań\nokreślonych wyników - wynagrodzenie zależy tylko i wyłącznie od zaangażowania\nWymagania - ukończone 18 lat /posiadany dowód - obsługa komputera na poziomie\npodstawowym - praca zajmuje 2-3 h / Ty decydujesz Oferujemy wynagrodzenia\n4.500-8.000 miesięcznie i więcej w zależności jaką ilością czasu dysponujesz\n1.000 - 1.600 już w pierwszych dwóch tygodniach Pomoc na każdym etapie\nwspółpracy Zapraszam serdecznie andrzejstanczyknet.xaa.pl/ Andrzej Stańczyk""}",POSITIVE
"{""content"":""KIEROWCA AUTOBUSU KŁOSOK Spółka z ograniczoną odpowiedzialnością Spółka\nkomandytowa jest firmą, która działa na rynku od roku 1993. Przedsiębiorstwo\nzarejestrowane jest w Żorach, a główne biuro ma swoją lokalizację w Wodzisławiu\nŚląskim na ulicy Łużyckiej. Firma świadczy głównie usługi transportu publicznego\ni przewozu pasażerskiego na terenie województwa Śląskiego oraz Dolnośląskiego.\nObecnie firma posiada 7 zajezdni autobusowych w Wodzisławiu Śląskim, Pszczynie,\nRybniku, Zabrzu, Dzierżoniowie, Długołęce oraz od marca 2022 roku w Żorach.\nFirma KŁOSOK Spółka z ograniczoną odpowiedzialnością Sp. k. zatrudni kierowców\n(kobiety oraz mężczyzn) autobusu kategorii D. Jeśli jesteś kierowcą posiadającym\nprawo jazdy kategorii D, poszukujesz pracy, chcesz pracować w firmie o\nugruntowanej pozycji na rynku, to właśnie znalazłeś to, czego szukasz. Nasze\nzajezdnie autobusowe przewoźnika na terenie województwa Śląskiego oraz\nDolnośląskiego to: • Pszczyna • Wodzisław • Rybnik • Zabrze • Bielawa • Wrocław\n• Żory Obowiązki: • wykonywanie pracy zgodnie z rozkładem jazdy, • wypełnianie\nkart drogowych, • monitorowanie stanu technicznego pojazdu i informowanie\ndyspozytora o nieprawidłowościach, • sprzedaż biletów. Wymagania: • aktualne\nprawo jazdy kat. D, • świadectwo kwalifikacji zawodowych na przewóz osób (opcja\nzrobienia kwalifikacji zawodowych za pośrednictwem pracodawcy), • uczciwość i\nrzetelność w wykonywaniu codziennych obowiązków. Oferujemy: • darmową opiekę\nmedyczną • finansowanie uprawnień na kategorię D, • przeprowadzenie niezbędnych\nszkoleń, • możliwość ubezpieczenia grupowego, • pracę na nowym taborze, • pracę\nw stabilnej firmie o ugruntowanej pozycji na rynku, • atrakcyjne i zawsze\nterminowe wynagrodzenie, • elastyczny grafik pracy, • przyjęcie osób z\norzeczonym stopniem niepełnosprawnym Oferta również skierowana dla obywatelów\nUkrainy. Работа в Польше - водитель автобуса (кат. D), http**************\nконтакт - +48533485828 Компания \""Кłosok\"" „Клосок\"") приглашает на работу\nводителей кат. D для обслуживания автобусов. Основной задачей водителя автобуса,\nработающего на регулярных городских маршрутах, является перевозка пассажиров с\nсоблюдением графика движения в соответствии с расписанием и обеспечение\nбезопасной перевозки пассажиров Работодатель обеспечивает легальное\nтрудоустройство, страхование, жильё. Место работы: Катовице и окраина горона\nПредлагаем: • зарплата от 1100 $ в месяц • проживание: квартира со всеми\nудобствами • помощь в оформлении всех необходимых документов по трудоустройству\n• помощь в оформлении карты побыту и разрешения типа А (воевода) Требования: •\nдействительны водительские права кат. D (городской автобус) желательно права\nвыданы до 2008 года""}",POSITIVE
"{""content"":""Potrzebujesz badań sanepidowskich ,zdolności do pracy na wysokości powyżej 3m ,\nmedycyna pracy ,badania wstępne ,badania okresowe.\n\nMasz pytania napisz lub zadzwoń\n\nzaswiadczenie @yahoo.com(bez spacji)\n\nKsiążeczka sanepidowska + orzeczenie lekarskie do spraw\nsanitarno-epidemiologicznych =100zł\nOrzeczenie lekarskie o zdolności do pracy na wysokości 80zł\nBadania dla kierowców 80zł\nBadania wstępne medycyny pracy i okresowe 80zł\n\nNie marnuj czasu w kolejkach,zamów już dziś szybko i wygodnie bez zbędnych\nformalności.\n\nWysyłka na terenie całego kraju ,\nprzesyłka pobraniowa -płatna przy odbiorze.\n\nzaswiadczenie @yahoo.com(bez spacji)""}",POSITIVE
"{""content"":""Potrzebujesz badań sanepidowskich ,zdolności do pracy na wysokości powyżej 3m ,\nmedycyna pracy ,badania wstępne ,badania okresowe.\n\nMasz pytania napisz lub zadzwoń\n\nzaswiadczenie @yahoo.com(bez spacji)\n\nKsiążeczka sanepidowska + orzeczenie lekarskie do spraw\nsanitarno-epidemiologicznych =100zł\nOrzeczenie lekarskie o zdolności do pracy na wysokości 80zł\nBadania dla kierowców 80zł\nBadania wstępne medycyny pracy i okresowe 80zł\n\nNie marnuj czasu w kolejkach,zamów już dziś szybko i wygodnie bez zbędnych\nformalności.\n\nWysyłka na terenie całego kraju ,\nprzesyłka pobraniowa -płatna przy odbiorze.\n\nzaswiadczenie @yahoo.com(bez spacji)""}",POSITIVE
"{""content"":""Poprowadzimy MAŁY pensjonat, obiekt turystyczny,karczmę,tawernę, bistro\nśniadaniowe. kuchnia typu Komfort food - najchętniej SOPOT,WEJHEROWO,RUMIA\n,REDA. Mamy bogate doświadczenie gastronomiczno-hotelarskie w Niemczech,Austrii\noraz Szwajcarii Komputer i systemy rezerwacyjne nie stanowią dla nas tajemnic,\njak również rozliczenia, paragony, faktury itd, bez nałogów, odpowiedzialni,\nsystematyczni, uczciwi, dyspozycyjni, lojalni, dbający o czystość, ceniący\nkontakt z gośćmi ,biegła znajomość języków obcych... Zapraszamy do kontaktu""}",POSITIVE
"{""content"":""❗️ZATRUDNIĘ PRACOWNIKÓW BUDOWLANYCH❗️ ☑️ wykończenie wnętrz ☑️ zabudowa GK ☑️\nsufity podwieszane ☑️ szpachlowanie ☑️ malowanie ? MILE WIDZIANI: ☑️ glazurnicy\n☑️ pracownicy ze wschodu ☑️ osoby z doświadczeniem w branży ☑️ „złote rączki” ?\n+48 *** *** ***""}",POSITIVE
"{""content"":""KIEROWCA AUTOBUSU KŁOSOK Spółka z ograniczoną odpowiedzialnością Spółka\nkomandytowa jest firmą, która działa na rynku od roku 1993. Przedsiębiorstwo\nzarejestrowane jest w Żorach, a główne biuro ma swoją lokalizację w Wodzisławiu\nŚląskim na ulicy Łużyckiej. Firma świadczy głównie usługi transportu publicznego\ni przewozu pasażerskiego na terenie województwa Śląskiego oraz Dolnośląskiego.\nObecnie firma posiada 7 zajezdni autobusowych w Wodzisławiu Śląskim, Pszczynie,\nRybniku, Zabrzu, Dzierżoniowie, Długołęce oraz od marca 2022 roku w Żorach.\nFirma KŁOSOK Spółka z ograniczoną odpowiedzialnością Sp. k. zatrudni kierowców\n(kobiety oraz mężczyzn) autobusu kategorii D. Jeśli jesteś kierowcą posiadającym\nprawo jazdy kategorii D, poszukujesz pracy, chcesz pracować w firmie o\nugruntowanej pozycji na rynku, to właśnie znalazłeś to, czego szukasz. Nasze\nzajezdnie autobusowe przewoźnika na terenie województwa Śląskiego oraz\nDolnośląskiego to: • Pszczyna • Wodzisław • Rybnik • Zabrze • Bielawa • Wrocław\n• Żory Obowiązki: • wykonywanie pracy zgodnie z rozkładem jazdy, • wypełnianie\nkart drogowych, • monitorowanie stanu technicznego pojazdu i informowanie\ndyspozytora o nieprawidłowościach, • sprzedaż biletów. Wymagania: • aktualne\nprawo jazdy kat. D, • świadectwo kwalifikacji zawodowych na przewóz osób (opcja\nzrobienia kwalifikacji zawodowych za pośrednictwem pracodawcy), • uczciwość i\nrzetelność w wykonywaniu codziennych obowiązków. Oferujemy: • darmową opiekę\nmedyczną • finansowanie uprawnień na kategorię D, • przeprowadzenie niezbędnych\nszkoleń, • możliwość ubezpieczenia grupowego, • pracę na nowym taborze, • pracę\nw stabilnej firmie o ugruntowanej pozycji na rynku, • atrakcyjne i zawsze\nterminowe wynagrodzenie, • elastyczny grafik pracy, • przyjęcie osób z\norzeczonym stopniem niepełnosprawnym Oferta również skierowana dla obywatelów\nUkrainy. Работа в Польше - водитель автобуса (кат. D), http**************\nконтакт - +48533485828 Компания \""Кłosok\"" „Клосок\"") приглашает на работу\nводителей кат. D для обслуживания автобусов. Основной задачей водителя автобуса,\nработающего на регулярных городских маршрутах, является перевозка пассажиров с\nсоблюдением графика движения в соответствии с расписанием и обеспечение\nбезопасной перевозки пассажиров Работодатель обеспечивает легальное\nтрудоустройство, страхование, жильё. Место работы: Катовице и окраина горона\nПредлагаем: • зарплата от 1100 $ в месяц • проживание: квартира со всеми\nудобствами • помощь в оформлении всех необходимых документов по трудоустройству\n• помощь в оформлении карты побыту и разрешения типа А (воевода) Требования: •\nдействительны водительские права кат. D (городской автобус) желательно права\nвыданы до 2008 года""}",POSITIVE
"{""content"":""OPIS\n\nP R A C A Firma D&M Trans zatrudni osobę na stanowisku M A G A Z Y N I E R - W\nnaszym zespole odpowiedzialny będziesz za : Przyjmowanie i sprawdzanie dostaw\ntowaru na magazyn Załadunek/ rozładunek busów Rozkładanie towaru na magazynie\nOdbiór towaru od producentów Wymagania: Gotowość do pracy fizycznej Prawo jazdy\nkat.B Punktualność!!! Umiejętnośc pracy w zespole Oferujemy: Pracę na pełen etat\nUmowa o pracę Zgrany zespół Masz dodatkowe pytaniaza ? dzwoń 78*****91 60*****26\nTRANSPORTMEBLI.EU""}",POSITIVE
"{""content"":""Potrzebujesz badań sanepidowskich ,zdolności do pracy na wysokości powyżej 3m ,\nmedycyna pracy ,badania wstępne ,badania okresowe.\n\nMasz pytania napisz lub zadzwoń\n\nmedycynapracy @yahoo.com(bez spacji)\n\nKsiążeczka sanepidowska + orzeczenie lekarskie do spraw\nsanitarno-epidemiologicznych =100zł\nOrzeczenie lekarskie o zdolności do pracy na wysokości 80zł\nBadania dla kierowców 80zł\nBadania wstępne medycyny pracy i okresowe 80zł\n\nNie marnuj czasu w kolejkach,zamów już dziś szybko i wygodnie bez zbędnych\nformalności.\n\nWysyłka na terenie całego kraju ,\nprzesyłka pobraniowa -płatna przy odbiorze.\n\nmedycynapracy @yahoo.com(bez spacji)""}",POSITIVE
"{""content"":""Studio urody na Bielanach zatrudni doświadczoną fryzjerkę damsko/męską. System\npracy zmianowy 1/2 etatu. Wynagrodzenie 50% wyrobionej dniówki.""}",POSITIVE
"{""content"":""Praca na hali ! Prefabrykacja zbrojeń budowlanych. Praca przy obsłudze maszyn\nzbrojeniowych, gięcie lub cięcie na wymiar zbrojeń budowlanych. Praca na stałe,\nmożliwość nadgodzin. Mile widziane doświadczenie na Zbrojarnii lub przy\nzbrojeniach na budowie. Poszukiwani: Operatorzy maszyn zbrojeniowych, Giętacze,\nOperatorzy suwnicy z poziomu \""0\"".""}",POSITIVE
"{""content"":""Szukam pracy jako operator mini koparki i spycharki kl l posiadam uprawnienia i\nwieloletnie doswiadczenie""}",POSITIVE
"{""content"":""OPIS\n\nKAMET Spółka Akcyjna działająca na rynku krajowym i zagranicznym, specjalizująca\nsię w produkcji lekkich konstrukcji aluminiowych i stalowych poszukuje\nlakiernika\n\nWYMAGANIA:\n\ndoświadczenia w pracy jako lakiernik\n\nsamodzielność\n\nOBOWIĄZKI:\n\nobsługa i konserwacja urządzeń lakierniczych\n\ndbanie o odpowiednią ilość i jakość stosowanych farb proszkowych\n\nprzygotowywanie powierzchni do lakierowania\n\nuzupełnianie dokumentacji z zakresu zrealizowanych zleceń oraz zużytych\nmateriałów\n\nprzestrzeganie zasad BHP\n\nOFERUJEMY:\n\npracę w stabilnej, rozwijającej się firmie szkolenia podnoszące kwalifikacje\n\nAplikując na niniejsze stanowisko wyraża Pani/Pan zgodę na przetwarzania danych\nosobowych w zawartych w Pni/Pana ofercie pracy przez KAMET S.A. z siedzibą w\nReńskiej Wsi, do potrzeb niezbędnych do realizacji procesu rekrutacji. W\ndowolnym momencie przysługuje Pni/Panu prawo do wycofania powyższej zgody.\nWycofanie zgody nie wpływa na zgodność z prawem przetwarzania, którego dokonano\nna podstawie zgody przed jej wycofaniem.""}",POSITIVE
"{""content"":""Potrzebujesz badań sanepidowskich ,zdolności do pracy na wysokości powyżej 3m ,\nmedycyna pracy ,badania wstępne ,badania okresowe.\n\nMasz pytania napisz lub zadzwoń\n\nmedycynapracy @yahoo.com(bez spacji)\n\nKsiążeczka sanepidowska + orzeczenie lekarskie do spraw\nsanitarno-epidemiologicznych =100zł\nOrzeczenie lekarskie o zdolności do pracy na wysokości 80zł\nBadania dla kierowców 80zł\nBadania wstępne medycyny pracy i okresowe 80zł\n\nNie marnuj czasu w kolejkach,zamów już dziś szybko i wygodnie bez zbędnych\nformalności.\n\nWysyłka na terenie całego kraju ,\nprzesyłka pobraniowa -płatna przy odbiorze.\n\nmedycynapracy @yahoo.com(bez spacji)""}",POSITIVE
"{""content"":""Znane Warszawskie Studio Tatuażu i Piercingu Zatrudni Doświadczonego Tatuatora.\nProsimy przesyłać CV.""}",POSITIVE
"{""content"":""Pracownicy do adaptacji poddasza wełna folia paroizolacyjna , małe domki\njednorodzinne""}",POSITIVE
"{""content"":""OPIS\n\nWymagania na stanowisku księgowej:\n\n * wykształcenie wyższe,\n\n * minimum roczne doświadczenie w pracy w księgowości,\n\n * znajomość Excel i Worda,\n\n * dobra znajomość przepisów podatkowych Insert, Enova\n\n * dokładność i sumienność w wykonywaniu pracy\n\n * znajomość obsługi Płatnik\n\nDo obowiązków księgowej będzie należało:\n\n * samodzielne prowadzenie KH,\n\n * sporządzanie rozliczeń podatkowych,\n\n * bieżąca obsługa klientów.\n\nPraca w trybie stacjonarnym.\n\nOsoby zainteresowane prosimy o przesyłanie CV na adres e-mail z zaznaczeniem\nstanowiska.""}",POSITIVE
"{""content"":""Medycyna pracy od ręki ,badania wysokościowe,\nksiążeczka sanepidu wraz z orzeczeniem lekarskim=tylko 100zł\nBadania okresowe 80zł\nBadania dla kierowców 80zł\n\nBłyskawiczna realizacja ,wysyłka na cały kraj,płatne przy odbiorze.\nMasz dużą firmę ,potrzebujesz na cito orzeczenia medycyny pracy -szybko\n,dyskretnie,bez kolejek.\n\nMasz pytania zadzwoń lub napisz\nmarekmedycyna @yahoo.com(bez spacji)""}",POSITIVE
"{""content"":""Agencja Pracy Koncepcja organizuje zatrudnienie w kraju i za granicą już od\nponad 15 lat. Jest jedną z najstarszych stażem firm działających w branży\npośrednictwa pracy do Niemiec na rynku polskim. Specjalizujemy się także w\nrekrutacji i selekcji kandydatów do pracy na terenie Wrocławia i Dolnego Śląska.\nDzięki naszemu długoletniemu doświadczeniu jesteśmy w stanie zaoferować Państwu\nbezpieczne i legalne zatrudnienie u sprawdzonych pracodawców. Pracujemy tylko z\nwybranymi i starannie wyselekcjonowanymi firmami, tak aby zapewnić Państwu\nbezpieczną i satysfakcjonującą pracę. Posiadamy Certyfikat wydany przez\nMarszałka Województwa Dolnośląskiego potwierdzający wpis do Rejestru Agencji\nZatrudnienia pod nr 1926. OBECNIE POSZUKUJEMY KANDYDATÓW DO PRACY NA STANOWISKU:\nOczyszczacz odlewów Szlifierz odlewów Miejsce pracy: Niemcy, Augsburg (Bawaria)\nOFERUJEMY: • Stabilne zatrudnienie na pełny etat na co najmniej 24 miesiące •\nWynagrodzenie zależne od posiadanego doświadczenia i znajomości języka\nniemieckiego, może wynosić nawet 3100 euro/ etat plus nadgodziny •\nZakwaterowanie oferuje pracodawca – pokoje 1 osobowe z dostępem do kuchni i\nłazienki. Koszt zakwaterowania wynosi ok. 600 Euro/mc. • Pracę w renomowanej\nfirmie, która jest producentem dużych silników wysokoprężnych, gazowych oraz\nturbo maszyn • Pracę w systemie 2 lub 3 zmianowym • Możliwość nadgodzin • Brak\nkonta czasu pracy • Opłacane składki ubezpieczeniowe i emerytalne • Wszystkie\nświadczenia przysługujące pracownikom z tytułu zatrudnienia na terenie Niemiec •\nWsparcie na każdym etapie rekrutacji, pomoc konsultanta w sprawach\norganizacyjnych • Wsparcie w trakcie zatrudnienia w Niemczech • Przygotowanie\nprofilu zawodowego w języku niemieckim • Okres zatrudnienia wliczany jest do\nstażu zaliczanego do uprawnień emerytalnych ( po przepracowaniu 5 lat w\nNiemczech przysługuje prawo do niemieckiej emerytury) • Umożliwiamy\nubezpieczenie w firmie ubezpieczeniowej gwarantującej bezpłatną opiekę medyczną\ntakże w trakcie pobytu w Polsce. Możliwość ubezpieczenia innych członków\nrodziny. • Kandydaci podejmujący pracę za naszym pośrednictwem otrzymają 10 %\nrabat na usługi tłumaczeniowe wykonane w naszym biurze. W przypadku potrzeb\ntłumaczenia dokumentów na potrzeby np. kredytu w Polsce etc. Prosimy powołać się\nwówczas na to ogłoszenie • Nie pobieramy opłat za nasze usługi pośrednictwa\npracy. OBOWIĄZKI: • Prace związane z oczyszczaniem odlewów • Szlifowanie •\nObsługa maszyn • Inne obowiązki charakterystyczne dla ww. stanowiska WYMAGANIA:\n• Doświadczenie zawodowe na podobnym stanowisku • Znajomość języka niemieckiego\nmile widziana, ale niekonieczna • Własny samochód • Umiejętność pracy w zespole\n• Dokładność, sumienność, dobra kondycja fizyczna SPOSÓB APLIKOWANIA: CV w\njęzyku polskim oraz (jeżeli Państwo posiadają) niemieckim, kopie dokumentów\npotwierdzających wykształcenie, umiejętności i doświadczenie zawodowe prosimy\nprzesyłać na adres email: re*******a@k********.eu W CV prosimy o podanie\nklauzuli dotyczącej przetwarzania danych osobowych Na potrzeby tylko powyższej\nrekrutacji: Wyrażam zgodę na przetwarzanie danych osobowych zawartych w mojej\naplikacji przez Koncepcja z siedzibą we Wrocławiu ul. Podwale 62/2, 50-010\nWrocław na potrzeby przeprowadzenia procesu rekrutacji. Na potrzeby\ndługofalowego procesu rekrutacyjnego: Wyrażam zgodę na przetwarzanie danych\nosobowych zawartych w mojej aplikacji przez Koncepcja z siedzibą we Wrocławiu na\npotrzeby przyszłych procesów rekrutacji oraz przesyłanie aktualnych ofert pracy\nodpowiadających mojemu profilowi zawodowemu. Informujemy, ze przesłanie cv\noznacza jednoczesną zgodę na przetwarzanie Państwa danych osobowych. Zgodę można\nodwołać w każdej chwili wysyłając nam maila na adres: re*******a@k********.eu\nDziękujemy za przesłane dokumenty, po wstępnej selekcji, skontaktujemy się z\nwybranymi kandydatami. Agencja Pracy Koncepcja, Wrocław ul. Podwale 62/2, Nr\ntel. ** *******, kom., +48 790 613 052, kom. +48 790 592 719, kom. +48 792 785\n242, kom. +48 690 204 470, (w przypadku niedostępności pozostałych telefonów +\n48 791080654) Posiadamy wiele innych ofert pracy także w innych lokalizacjach –\npodaj nam swoje życzenia i preferencje a dopasujemy odpowiednią ofertę. E.Mail:\nre*******a@k********.eu Więcej ofert pracy na naszej stronie internetowej:\nwww.************""}",POSITIVE
"{""content"":""Przychodnia Weterynaryjna FORTISVET w Markuszowie (woj. lubelskie) poszukuje\nsamodzielnego lekarza weterynarii do współpracy na cały lub część etatu.\nPraktyka z przewagą psów, kotów i gryzoni. Praca w przyjaznym zespole i z\nnowoczesną aparaturą medyczną; na pełny lub część etatu. CV proszę przesyłać\nprzez serwis ogłoszeniowy wraz ze zgodą na przetwarzanie danych osobowych.\nWynagrodzenie zależne od doświadczenia. Serdecznie zachęcamy do aplikowania.""}",POSITIVE
"{""content"":""Potrzebujesz badań sanepidowskich ,zdolności do pracy na wysokości powyżej 3m ,\nmedycyna pracy ,badania wstępne ,badania okresowe.\n\nMasz pytania napisz lub zadzwoń\n\nzaswiadczenie @yahoo.com(bez spacji)\n\nKsiążeczka sanepidowska + orzeczenie lekarskie do spraw\nsanitarno-epidemiologicznych =100zł\nOrzeczenie lekarskie o zdolności do pracy na wysokości 80zł\nBadania dla kierowców 80zł\nBadania wstępne medycyny pracy i okresowe 80zł\n\nNie marnuj czasu w kolejkach,zamów już dziś szybko i wygodnie bez zbędnych\nformalności.\n\nWysyłka na terenie całego kraju ,\nprzesyłka pobraniowa -płatna przy odbiorze.\n\nzaswiadczenie @yahoo.com(bez spacji)""}",POSITIVE
"{""content"":""Witam poszukuje pracy w charakterze pracownika ośrodka\nwczasowego/wypoczynkowego, hotelu lub opieki nad domkami letniskowymi. Posiadam\ndoświadczanie kierownicze i praktykę w obsłudze klientów a przede wszystkim chęć\ndo nowych wyzwań. Ja mężczyzna 37 lat z Wielkopolski""}",POSITIVE
"{""content"":""OPIS\n\nPoszukujemy pracowników budowlanych z prawem jazdy kat B. Praca przy renowacji\nposadzek prestiżowych projektów na terenie Polski oraz EU. Oferujemy stabilna\nprace oraz wysokie i terminowe wynagrodzenia. Dodatkowo na koniec roku premia w\nformie 13tej wypłaty. Noclegi po stronie naszej firmy. Doświadczenie w branży\nbudowlanej miłe widziane. Zarobki między 8.000 a 12.000 zł netto.""}",POSITIVE
"{""content"":""EUROSERVICES Sp.z.o.o zatrudni pracowników fachowców :malarzy,murarzy,\nlakierników,lakierników proszkowych i specjalistów innych profesji jak również\nkobiety i mężczyzn do prac fizycznych niewymagających szczególnych\nuprawnień.Załatwiamy wszelkie formalności związane z zatrudnieniem.Zapraszamy do\nnaszego biura ,zachęcamy do kontaktu telefonicznego""}",POSITIVE
"{""content"":""Użyczę Certyfikat Kompetencji Zawodowej w przewozie rzeczy. Rozliczam również\nczas pracy kierowców w transporcie krajowym i zagranicznym -forma umowy i\nwynagrodzenie -kontakt telefoniczny.""}",POSITIVE
"{""content"":""Praca polega na polecaniu produktów finansowych, podobnie jak w placówce banku,\ntylko przez INTERNET z gotowym systemem jako - EKSPERT BANKOWY ONLINE\nWynagrodzenie jest wypłacane na Twój rachunek bankowy co miesiąc (10 dnia\nmiesiąca) - Kwota jest zależna od czasu, który poświęcisz czy to będzie 1h\ndziennie czy 3h dziennie - Tutaj nie będziesz obsługiwać klientów pod kątem\nrozwiązywania ich problemów, tylko bezpośrednio na dziale sprzedażowym/czysto\nprowizyjnym z gotowymi Leadami, które dostaniesz. -Praca jest całkowicie legalna\n-Nie potrzebujesz żadnego doświadczenia, ani wiedzy informatycznej. Wystarczą\nznajomości podstaw komputera lub telefonu. Praca jest prosta, wystarczy\nurządzenie z dostępem do Internetu. Uczymy wszystkiego od zera -Elastyczne\ngodziny pracy Oferujemy: -Wynagrodzenie uzależnione od ilości czasu, który\npoświęcisz na działanie z gotowymi klientami -Wysokie stawki prowizyjne i\nregularne wypłaty co miesiąc na rachunek bankowy -Pracę zdalną, którą możesz\nwykonywać z każdego miejsca na ziemi -Szkolenia ONLINE, QUIZY, które\norganizujemy co kilka dni aby doszkolić wiedzę -Szkolenia stacjonarne,\nintegracje -Praca w świetnym i energicznym zespole Wymagamy: -Pełnoletność,\nobywatelstwo Polskie i miejsce zamieszkania - Polska -Chęć działania z gotowymi\ninstrukcjami i obsługiwanie prostych klientów -Umiejętność pracy grupowej\n-Obsługa komputera/telefonu na poziomie podstawowym oraz dostęp do Internetu\n-Energicznych osób, chcących się oderwać w końcu od etatu w celu polepszenia\nswojej przyszłości zanim będzie za późno W trakcie pierwszych szkoleń możesz już\nna wstępie zarobić kilka-set złotych (Natomiast nam zależy na stałej współpracy\ni dalszym budowaniu firmy, która jest na rynku ponad 5 lat). Jeśli ogłoszenie\njest wciąż widoczne, oznacza ,że JEST AKTUALNE, napisz do nas! PRACA OD ZARAZ""}",POSITIVE
"{""content"":""OPIS\n\nPosiadamy wolne etaty dla następujących grup zawodowych : 1. Elektrycy 2.\nEnergetycy 3. Pracownicy budowlani 4. Kierowcy CE plus Hds 5. Inżynierowie\nelektryczni /sanitarni 5. Operatorzy koparki /koparki ładowarki Zapraszamy do\nnoweo otwartego biura : Białystok Ul. Elewatorska 29""}",POSITIVE
"{""content"":""Firma przyjmie do pracy osoby do prac fizycznych nie wymagających specjalnych\nuprawnień ,pomocników wykwalifikowanych,osoby do przyuczenia,fachowców z\ndziedziny budownictwa ,ogrodnictwa ,osoby z uprawnieniami udt,prawem jazdy kat.b""}",POSITIVE
"{""content"":""Firma KŁOSOK Spółka z ograniczoną odpowiedzialnością Sp. k. zatrudni kierowców\n(kobiety oraz mężczyzn) autobusu kategorii D. Jeśli jesteś kierowcą posiadającym\nprawo jazdy kategorii D, poszukujesz pracy, chcesz pracować w firmie o\nugruntowanej pozycji na rynku, to właśnie znalazłeś to, czego szukasz. Nasze\nzajezdnie autobusowe przewoźnika na terenie województwa Śląskiego oraz\nDolnośląskiego to: • Pszczyna • Wodzisław • Rybnik • Zabrze • Bielawa • Wrocław\n• Żory Obowiązki: • wykonywanie pracy zgodnie z rozkładem jazdy, • wypełnianie\nkart drogowych, • monitorowanie stanu technicznego pojazdu i informowanie\ndyspozytora o nieprawidłowościach, • sprzedaż biletów. Wymagania: • aktualne\nprawo jazdy kat. D, • świadectwo kwalifikacji zawodowych na przewóz osób (opcja\nzrobienia kwalifikacji zawodowych za pośrednictwem pracodawcy), • uczciwość i\nrzetelność w wykonywaniu codziennych obowiązków. Oferujemy: • darmową opiekę\nmedyczną • finansowanie uprawnień na kategorię D, • przeprowadzenie niezbędnych\nszkoleń, • możliwość ubezpieczenia grupowego, • pracę na nowym taborze, • pracę\nw stabilnej firmie o ugruntowanej pozycji na rynku, • atrakcyjne i zawsze\nterminowe wynagrodzenie, • elastyczny grafik pracy, • przyjęcie osób z\norzeczonym stopniem niepełnosprawności.""}",POSITIVE
"{""content"":""OPIS\n\nZakład krawiecki w Ostrowie Wielkopolskim, zatrudni osoby do pracy na uczciwych\nwarunkach.\n\n### MOŻLIWOŚĆ PRACY W DOMU ###\n\nWYMAGANY PARK MASZYNOWY ( franie odpadają )\n\nSzyjemy produkty typu, pokrowce ,meble ogrodowe oraz wiele innych.\n\nDuże możliwości rozwoju.\n\nPRACA BEZ MOBINGU, w miłej atmosferze.\n\nGwarancja pracy przez cały rok.\n\nZapraszam do kontaktu osoby zainteresowane z doświadczeniem.""}",POSITIVE
"{""content"":""dam prace murarzą i pomocniką""}",POSITIVE
"{""content"":""OPIS\n\nSalon przedłużania włosów w Warszawie zatrudni stylistę/stylistkę przedłużania\nwłosów. Szukamy do współpracy z nami osób które posiadają doświadczenie w\nprzedłużaniu włosów. Zapraszam do kontaktu.""}",POSITIVE
"{""content"":""OPIS\n\nSalon w samym sercu Gdyni szuka fryzjerki! Jeśli jesteś spontaniczną\n,uśmiechniętą fryzjerką poszukującą świetnego miejsca pracy to ta oferta jest\nwłaśnie dla Ciebie ! Dodatkowo posiadasz umiejetność zjednywania ludzi to nie\nszukaj dalej tylko skontaktuj się z Nami! -zapewniamy szkolenia -prace\nnajnowszymi trendami -duża możliwość rozwoju -prace przy pokazach""}",POSITIVE
"{""content"":""Podejmę pracę jako prezydent, premier, szef szefów itd, itp. Ofertę swą okraszam\nfaktem, iż posiadam w pełni sprawny mózg z dodatkowymi funkcjami analitycznego i\nlogicznego myślenia.""}",POSITIVE
"{""content"":""Kurs Kwalifikowanego Pracownika Ochrony Fizycznej, Zabezpieczenia Technicznego,\nDetektywa oraz Imprez Masowych. Rozpoczynamy szkolenia w każdym miesiącu.2021 r.\nMożliwość opłacenia kursu w ratach.""}",POSITIVE
"{""content"":""OPIS\n\nMiejsce pracy: Katowice - Załęże\n\nOPIS STANOWISKA:\n\n- poszukujemy pracownika przy produkcji drobnych konstrukcji stalowych,\nbalustrad, bram, ogrodzeń.\n\n\n\nWYMAGANIA,\n\n- doświadczenie przy montażu konstrukcji stalowych,\n\n-obsługa spawarki,\n\n-czytanie rysunku technicznego\n\n- dokładność,\n\n-sumienność,\n\nUmowa o pracę.\n\nMile widziane prawo jazdy kat.B\n\nWynagrodzenie uzależnione jest od doświadczenia. Od 25zł netto do 30zł netto na\nrękę za godzinę.\n\nOsoby zainteresowane prosimy o wysyłanie CV lub kontakt telefoniczny pod numerem\n50*****61.\n\nProsimy o zamieszczenie w CV klauzuli: „Wyrażam zgodę na przetwarzanie moich\ndanych osobowych przez SPAW-TEST ADAM KOŁODZIEJ z siedzibą w Chełm Śląski ul.\nOwocowa 7 zawartych w CV na potrzeby obecnego procesu rekrutacji.”\n\n* CV kandydatów nierozpatrzone w danym procesie rekrutacji są przechowywane\nprzez okres 1 miesiąca na potrzeby tylko tego procesu rekrutacji. Po tym okresie\nsą usuwane, a dane osobowe kandydatów nie są przetwarzane w żadnym innym celu.\nAplikacji nie odsyłamy. Kontaktujemy się jedynie z wybranymi osobami.""}",POSITIVE
