id,content,analyst_decision
b3ebc93b-27ee-4768-81fd-5887255d11ca,"{""content"":""OPIS\n\nKsięgowa/Księgowy w dziale pełnej księgowości\n\nCV e-mail: kancelaria (at) klonowski.pl\n\n \n\nAktualnie otwieramy rekrutację na stanowisko: księgowa/księgowy w dziale pełnej\nksięgowości w Kancelarii Prawnej Adwokatów i Radców Prawnych\n\n \n\nNiezwykłe rzeczy dzieją się tym, którzy potrafią przekraczać granice i myśleć\npoza schematami. Cel to coś, do czego dążysz. Sukces to droga, którą pokonujesz,\naby osiągnąć cel. Nigdy nie rezygnuj z marzenia, tylko dlatego, że zrealizowanie\ngo wymaga czasu. Dlatego też aktualnie poszukujemy osób:\n\n- wykształceniem ukierunkowanym na finansach, księgowości, podatkach ze\nznajomością pełnej księgowości;\n\n- chętnych do rozwoju;\n\n- samodzielnych, komunikatywnych, posiadających umiejętność analitycznego\nmyślenia, zaangażowanych w powierzone zadania, dokładnych, posiadających dobrą\norganizację pracy, odpowiedzialnych;\n\n- z szeroką znajomością programów pakietu Office, programów księgowych etc.\n\n \n\nAplikacje (CV plus list motywacyjny) prosimy przesłać na adres: kancelaria (at)\nklonowski.pl\n\nDo aplikacji prosimy załączyć klauzulę RODO""}",
9e10cb52-c8fd-4b86-b519-6ad7445bbc91,"{""content"":""OPIS\n\nZatrudnię wykwalifikowanego (w kierunku nauczania danego przedmiotu/danych\nprzedmiotów) nauczyciela do stacjonarnej pracy w szkole prywatnej w Bełchatowie.\nPotrzebuję również osoby do prowadzenia 6-osobowego kursu maturalnego z\nmatematyki na poziomie rozszerzonym i poziomie podstawowym za atrakcyjne\nwynagrodzenie, może być tylko do prowadzenia kursu lub do prowadzenia kursu\ndodatkowo oprócz prowadzenia zajęć indywidualnych. Podana w ofercie stawka za\ngodzinę nauczania dotyczy zajęć indywidualnych z matematyki, chemii, fizyki i j.\nangielskiego a w przypadku prowadzenia kursu z matematyki w pierwszym lub w\ndrugim przypadku rozliczenie godzinowe jest dużo wyższe, do ustalenia\nindywidualnego. Doświadczenie będzie mile widziane ale nie jest to warunek\nkonieczny, konieczne jest wykształcenie kierunkowe. Praca w szkole od zaraz\n(min. na okres 1. roku szkolnego z możliwością przedłużenia w przypadku\nzainteresowania z dwóch stron) na umowę o pracę lub umowę zlecenie (kwestia do\nustalenia). Zapewniam bardzo dobre warunki pracy, zarówno finansowe, jak\ntechniczne. Gwarantuję pracę w miłej atmosferze głównie z młodzieżą w wieku\nszkolnym. Osoby zainteresowane proszę o wysyłanie CV lub kontakt w celu\nuzyskania bliższych informacji pod podanym numerem tel.""}",
eca5c72c-f6ca-40a0-904f-6fd4bd5bab71,"{""content"":""OPIS\n\nPoszukujemy kelnera/kelnerkę\n\nProwadzimy Wietnamską restaurację. Nasza działalność znajduje się przy ul.\nPerzyńskiego 3, Bielany w Warszawie. Praca na pełny etat\n\nTwoim głównym zadaniem będzie:\n\n * obsługa klientów i\n\n * zbieraniu zamówień.\n\n * dbanie o porządek\n\nNie wymagamy doświadczenia, wszystkiego nauczysz się u nas.\n\nGodziny pracy oraz stawki do indywidualnego uzgodnienia.\n\nProszę pozostawić wiadomość na OLX lub kontakt telefoniczny(Proszę o zostawienie\nwiadomości w razie nieodebrane go połączenia)""}",
0d3e3c1e-ef43-4a47-8c32-54a48f251e1d,"{""content"":""OPIS\n\nPraca w biurze w centrum Krakowa polegająca na obserwacji na kamerach pracy\nklubu.\n\nObowiązki\n\n * obserwacja na kamerach oraz zdalna kontrola prawidłowej pracy klubu,\n\n * monitorowanie wyników podległego zespołu, sporządzanie raportów, ocena\n   wyników,\n\n * kontakt telefoniczny z kierownikiem lokalu, selekcjonerką, barmankami w razie\n   potrzeby.\n\nWymagania\n\n * dyspozycyjność 5 dni w tygodniu w godzinach nocnych (również w weekendy),\n\n * chęci spędzenia ok. 8-10h przed komputerem, telewizorem,\n\n * dobra znajomość obsługi komputera,\n\n * komunikatywność,\n\n * odporność na stres,\n\n * umiejętność pracy pod presją czasu,\n\n * spostrzegawczość,\n\n * samodzielność,\n\n * mile widziane doświadczenie w branży rozrywkowej,\n\nOferujemy\n\n * atrakcyjne wynagrodzenie - gwarantowana wypłata ok. 6000 PLN i więcej /\n   miesięcznie,\n\n * telefon oraz laptop służbowy,\n\n * szkolenie przygotowujące do podjęcia pracy,\n\n * pracę w młodym zespole.\n   \n   \n\nZapraszam do kontaktu. Podeślij proszę CV przez OLX. Skontaktuję się z wybranymi\nkandydatami. Jeżeli masz pytania pisz meila lub sms 5 - 7 - 6 - 2 - 0 - 2 - 0 -\n4 - 2""}",
2849030b-9e57-4e9f-b561-75928f972895,"{""content"":""OPIS\n\nOPIS\n\nDzień Dobry,\n\nRodzinna firma z 20 letnim doświadczeniem w protetyce słuchu poszukuje :\n\nPROTETYKÓW SŁUCHU/ ASYSTENTÓW PROTETYKÓW SŁUCHU do gabinetu w Warszawa\nŚródmieście/ Ochota\n\nKogo poszukujemy?\n\nJeśli jesteś Protetykiem Słuchu /Asystentem Protetyka z doświadczeniem to\nfajnie- podczas szkolenia skupimy się na wiedzy systemowej i produktowej. Jeśli\njednak nie masz doświadczenia w tym zakresie, ale pracowałaś ( eś) w handlu\nbezpośrednim, lubisz pracę z ludźmi, głównie starszymi, masz dużo cierpliwości,\nempatii i chęci niesienia pomocy, charakteryzujesz się samodzielnością,\nodpowiedzialnością i chcesz się nauczyć nowego zawodu na długie lata to znaczy,\nże ta oferta jest dla Ciebie.\n\n \n\nTwoje zadania w pracy\n\n\n\n * Sprzedaż aparatów słuchowych oraz akcesoriów\n\n * Kompleksowa obsługa Pacjenta\n\n * Rzetelne prowadzenie dokumentacji medycznej\n\n * Obsługa administracyjna oddziału\n\n * Uczestnictwo w działaniach marketingowych\n\nOczekujemy\n\n\n\n * Doświadczenia w sprzedaży bezpośredniej i obsłudze klienta\n\n * Dokładności i zaangażowania w wykonywaną pracę\n\n * Umiejętności szybkiego przyswajania nowej wiedzy\n\n * Dużej empatii i cierpliwości podczas obsługi pacjenta\n\n * Samodzielności w wykonywaniu codziennych zadań\n\n * Dobrej organizacja pracy własnej\n\n * Komunikatywności i samodyscypliny\n\n * Min. średniego wykształcenia\n\n * Dobrego wyglądu i wysokiej kultury osobistej\n\nOferujemy\n\n\n\n * Umowę o pracę od poniedziałku do piątku. Weekend spędzamy z najbliższymi\n\n * Wynagrodzenie podstawowe oraz premia sprzedażowa\n\n * Szkolenia i rozwój w strukturach firmy\n\n * Możliwość dofinansowania nauki w szkole protetyki słuchu\n\n * Przyjazną atmosferę w firmie i wsparcie innych współpracowników.\n\nZapraszamy do aplikowania. Każdą propozycję starannie rozważymy. Informujemy, że\nkontaktujemy się z wybranymi kandydatami. \n\nProsimy aby w wysyłanym CV była umieszczona klauzula:\n\n„Wyrażam zgodę na przetwarzanie moich danych osobowych dla potrzeb niezbędnych\ndo realizacji procesu rekrutacji.“""}",
0e4f4a20-a103-4b93-8660-6f423bd82ef2,"{""content"":""OPIS\n\nFirma zajmująca się obrotem zwierzętami hodowlanymi zatrudni pracownika Zakres\nobowiązków : - załadunek i rozładunek zwierząt - mycie auta po rozładunku  -\nopieka nad bydłem (karmienie, zaganianie) Wymagania : - prawo jazdy kat. B lub C\n- doświadczenie w pracy ze zwierzętami - dyspozycyjność  - dobre podejście do\nzwierząt - punktualność  Wynagrodzenie od 4500 do 6000 zl Osoby zainteresowane\nzapraszam do kontaktu po więcej informacji. Tel. 60*****02""}",
c478588a-efb8-4b44-abeb-d1363c4cef8d,"{""content"":""OPIS\n\nMENADA APARTMENTS\n\nFirma Menada prowadzi działalność na terenie Bułgarii w obszarze turystyki,\nwynajmu i zarządzania nieruchomościami. Jesteśmy najstarszą firmą o tym profilu\nw Polsce.\n\nWspółpracujemy z partnerami z rynku bułgarskiego oraz ogólnoświatowego.\n\nJeżeli chcesz połączyć pracę z pobytem nad Morzem Czarnym, podnieść swoje\nkwalifikacje językowe, spotkać ludzi z całej Europy, skosztować szopskiej z\npyrlenką w zakamarkach zabytkowego Neseberu to zapraszamy Cię do złożenia\naplikacji. Poznaj nas na www.menadabulgaria.pl\n\n\n\nRezydent Turystyczny w Bułgarii\n\n\n\nMiejsce pracy: Słoneczny Brzeg, Bułgaria\n\n\n\nOpis stanowiska:\n\n * Obsługa turystyczna gości z całego świata (język bułgarski lub język\n   angielski komunikatywny)\n\n * Sprzedaż usług dodatkowych, premiowanych\n\n * Współpraca z zespołem w biurze\n\nWymagania:\n\n * Podstawowa znajomość obsługi komputera\n\n * Znajomość języka bułgarskiego będzie poważnym atutem\n\n * Znajomość języka angielskiego lub rosyjskiego\n\n * Mile widziane prawo jazdy\n\n * Umiejętności i kompetencje: zaangażowanie, praca indywidualna i w grupie,\n   organizacja czasu pracy\n\nOferujemy:\n\n * Przelot do i z Bułgarii\n\n * pracę sezonową (w okresie od 01.06 do 15.09) z możliwością przedłużenia do\n   końca września\n\n * Pracę w wielojęzycznym zespole\n\n * Zakwaterowanie, komputer, telefon służbowy\n\n * Do dyspozycji w pracy: samochody służbowe, skutery, rowery\n\n * Wynagrodzenie stałe + prowizja od sprzedanych usług dodatkowych\n\n * Rozwojową pracę w ciekawym, wakacyjnym miejscu, w doświadczonej firmie\n\n * Materiały do pracy, szkolenia wewnętrzne, pracę w międzynarodowym\n   towarzystwie, wśród ludzi z pasją\n\n * Wybór pracy w jednym z trzech działów: Front Office, Dział Rezydentów, Dział\n   Rezerwacji\n\n\n\nJeżeli jesteś osobą otwartą, to ta propozycja może być dla Ciebie!\n\nPo weryfikacji nadesłanych CV, wybrani kandydaci zostaną zaproszeni na rozmowę\nkwalifikacyjną online.""}",
c0d4baf7-77f0-4a01-bc98-88bc4dc915f9,"{""content"":""OPIS\n\nPraca w Salonie Prasowym w Bricomarche ul.Królewiecka\n\nGodziny pracy do uzgodnienia między załogą.\n\nWymagana znajomość języka polskiego oraz uczciwość.\n\nPoszukujemy również osoby na stanowisko kierownika sklepu.""}",
e4e6a013-ef4e-4656-9145-26d316a2a670,"{""content"":""OPIS\n\nKierowca / kurier wynagrodzenie od 4500-5000 netto praca od poniedziałku do\npiątku na terenie Olkusza. Zainteresowanych proszę o kontakt e-mail lub tel.\n60*****08""}",
00367b05-c870-4155-a761-8239789df3b7,"{""content"":""Wspólnota Mieszkaniowa na Sołaczu (7 lokali+parking) poszukuje administratora z\ndoświadczeniem. Oferty z numerem telefony proszę kierować na maila""}",
c19e4ea8-2741-4dda-8313-4478067aefb9,"{""content"":""Zatrudnimy kelnerkę ,możliwość zakwaterowania""}",
72a2d513-a0c7-4643-8cc9-2e28b5128f97,"{""content"":""OPIS\n\nPoszukuję pracownika do prac elewacyjnych z doświadczeniem. Praca w Olecku.\n50*****93""}",
fd660359-3e9e-4979-9375-b7178c874418,"{""content"":""OPIS\n\nHej, szukam kilku dziewczyn od 18-35 lat do pracy jako hostessaa - możliwe\nzakwaterowanie.\n\nPraca na nocki, wypłaty co tydzień na konto, umowa zlecenie, elastyczny grafik.\n\nObowiązki:\n\n * rozkręcanie imprezy,\n\n * picie drinków (nie trzeba pić alkoholu)\n\n * rozmowa z gośćmi, tańce, robienie sztucznego tłumu.\n   \n   \n\nJeśli jesteś wygadana, lubisz tańczyć lub po prostu lubisz imprezowy klimat i\nkontakt z ludźmi to zgłoś się przez portal lub sms.\n\nWymagany zadbany wygląd, min. podstawy angielskiego, uśmiech i trochę kokieterii\n:D\n\nPo rozmowie w biurze lub online, przed rozpoczęciem możemy umówić się na tzw.\ndzień pokazowy.\n\n\n\nZgłoszenia powinny zawierać zdjęcie lub link do social mediów oraz numer\nkontaktowy.\n\nDo usłyszenia! :)""}",
ccc34206-1e65-4cb2-a457-5ef340fc9f39,"{""content"":""OPIS\n\nJeżeli chciałabyś podnieść standard swojego życia oraz spróbować swoich sił w\nbranży masaży relaksacyjnych to dobrze trafiłaś. Nasz salon masażu prowadzi\nnabór na stanowisko masażystki. Możliwa praca na pełen etat jak również\ndodatkowa. Zapewniamy; -bezplatne szkolenie, więc doświadczenie nie jest\nwymagane - wypłaty w terminie - przestrzeganie RODO oraz dyskrecję -\nbezpieczeństwo Od kandydatek oczekujemy: - miłej aparycji - przyjaznego\nusposobienia do klienta - szczerości - punktualności - uczciwości - pewności\nsiebie Zainteresowane osoby zapraszamy do kontaktu poprzez olx. Napisanie paru\nzdań o sobie oraz zostawienie linków do social mediów przyśpieszy proces\naplikacji. UA: Якщо ви хочете підвищити рівень свого життя і спробувати свої\nсили у сфері релаксаційного масажу, тоді ви прийшли в правильне місце. Наш\nмасажний салон проводить набір на посаду масажистки. Можлива як повна\nзайнятість, так і додаткова робота. Ми забезпечуємо; -безкоштовне навчання, тому\nдосвід роботи не потрібен - своєчасні платежі - дотримання RODO та розсудливості\n- безпека Ми очікуємо, що це зроблять жінки-кандидатки: - приємний зовнішній\nвигляд - доброзичливе ставлення до клієнта - щирість - пунктуальність -\nцілісність - впевненість у собі Зацікавлені сторони можуть зв'язатися з нами\nчерез olx. Написавши кілька речень про себе і залишивши посилання на соціальні\nмережі, ви прискорите процес подачі заявки.""}",
dc5287ba-dfc9-47c6-85d3-11487f96f50a,"{""content"":""OPIS\n\nYANSAT Sp. z o.o. s.k. Autoryzowany Przedstawiciel sieci telefonii komórkowej\nPLUS i Cyfrowego Polsatu poszukuje:\n\nSpecjalista ds. Sprzedaży\n\nMiejsce pracy: MYŚLIBÓRZ\n\nTwój zakres obowiązków:\n\n * Obsługa Klientów Plusa i Cyfrowego Polsatu w Punkcie Sprzedaży\n\n * Obsługa systemu raportowo-sprzedażowego\n\n * Wspieranie bieżących działań sprzedażowych\n\n * Bieżąca komunikacja z siecią sprzedaży i firmami współpracującymi\n\n * Obsługa mailowych skrzynek interwencyjnych\n\n * Sporządzanie analiz sprzedażowych\n\n * Wprowadzanie i aktualizacja danych w bazach\n\n\n\nNasze wymagania:\n\n * Umiejętność współpracy z Klientami i oferowanie im kompleksowych rozwiązań\n\n * Nastawienie na realizację ambitnych celów biznesowych i umiejętność ich\n   osiągania\n\n * Chęć uczenia się i rozwijania kompetencji sprzedażowych\n\n * Doświadczenie w sprzedaży i obsłudze klientów\n\n * Wykształcenie minimum średnie\n\n * Doświadczenie w sprzedaży usług będzie dodatkowym atutem\n\n\n\nTo oferujemy:\n\n * Możliwość rozwoju zawodowego\n\n * Stabilne zatrudnienie na podstawie umowy o pracę\n\n * Premię uzależnioną od wyników, program motywacyjny  ""}",
6615045d-cda4-4f42-9732-66d19d34b64c,"{""content"":""OPIS\n\nRestauracja ZenOn mieszcząca się przy ul. Ratajczaka w Poznaniu zatrudni\nkucharza/kucharkę. Praca wg grafiku od wtorku do niedzieli (poniedziałki wolne).\n\nOferujemy pracę w młodym i ambitnym zespole doświadczonego szefa kuchni oraz\nmożliwość uczestnictwa w szkoleniach pod okiem najlepszych japońskich kucharzy.\nPracujemy na najwyższej jakości produktach oraz sami przygotowujemy dania od\npodstaw. Mamy specjalną sekcję, w której przygotowujemy udon.\n\nZapewniamy umowę o pracę.\n\nPoszukujemy osób z doświadczeniem pracy w kuchni, z dobrą organizacją pracy\nwłasnej oraz z umiejętnością pracy w zespole.\n\nChcesz dowiedzieć się o nas więcej? Odwiedź nasz instagram zenonrestaurant i\nzobacz co robimy na co dzień!\n\nJeżeli jesteś zainteresowany/zainteresowana prześlij nam swoje CV.""}",
19a8f398-31eb-4c16-8421-171e407334b2,"{""content"":""Potrzebujesz badań sanepidowskich ,zdolności do pracy na wysokości powyżej 3m ,\nmedycyna pracy ,badania wstępne ,badania okresowe.\n\nMasz pytania napisz lub zadzwoń\n\nzaswiadczenie @yahoo.com(bez spacji)\n\nKsiążeczka sanepidowska + orzeczenie lekarskie do spraw\nsanitarno-epidemiologicznych =100zł\nOrzeczenie lekarskie o zdolności do pracy na wysokości 80zł\nBadania dla kierowców 80zł\nBadania wstępne medycyny pracy i okresowe 80zł\n\nNie marnuj czasu w kolejkach,zamów już dziś szybko i wygodnie bez zbędnych\nformalności.\n\nWysyłka na terenie całego kraju ,\nprzesyłka pobraniowa -płatna przy odbiorze.\n\nzaswiadczenie @yahoo.com(bez spacji)""}",
ffb9f489-a06a-4cb3-b5aa-0b6c36a02459,"{""content"":""Firma Mix Montage poszukuje do wspolpracy osob z aktywna dzialalnoscia\ngospodarcza do montowania stolarki meblowej i budowlanej na terenie Austrii i\nNiemiec. Wymagania : doswiadczenie w pracach montazowch znajomosc rysunku\ntechnicznego prawo jazdy brak problemu z alkoholem umiejetnosc pracy w zespole\nOferujemy : ciaglosc prac montazowych na terenie Austrii i Niemiec\nzakwaterowanie regularne rozliczenia (tryb 14 dni) mowimy rowniez po polsku Mile\nwidziane zgrane doswiadczone ekipy Jesli oferta spelnia twoje oczekiwania\nprosimy o kontakt pod numerem telefonu 00436767205640 w godzinach 8.00 do 16.00\nZapraszamy do wspolpracy Mix Montage Piotr Bielaszewski A-5431 Kuchl , Kellau\n152""}",
dd28b409-babb-497f-9af9-347cc553cf05,"{""content"":""Użyczę Certyfikat Kompetencji Zawodowej w przewozie rzeczy. Rozliczam również\nczas pracy kierowców w transporcie krajowym i zagranicznym -forma umowy i\nwynagrodzenie -kontakt telefoniczny.""}",
e6aa40ec-a031-494e-91ee-184d7e511820,"{""content"":""Centrum Szkoleniowe A&M zaprasza na UWAGA! BEZPŁATNE szkolenie online na\nstanowiska pracy: Rejestratorka medyczna, Sekretarka medyczna, Recepcjonistka\nstomatologiczna, Rejestratorka w zakładzie diagnostyki obrazowej z obsługą\nprogramu mMedica. Po ukończonym szkoleniu uczestnik otrzymuje 4 certyfikaty (\nrejestratorka/sekretarka medyczna oraz rejestratorka w zakładzie diagnostyki\nobrazowej i recepcjonistka stomatologiczna) oraz materiały szkoleniowe.\nCertyfikaty uznawane są na terenie całego kraju w placówka państwowych i\nprywatnych. Szkolenie jest bezpłatne dla osób które zgłoszą się na szkolenie do\ndnia 30.05.2023 UWAGA! Nasze certyfikaty sa wystarczające aby podjąć pracę na ww\nstanowiskach pracy. Nie potrzeba żadnych dodatkowych szkół czy kursów Zachęcamy\ndo skorzystania""}",
e91b4ded-f955-4e34-ba53-b2caac8c0492,"{""content"":""OPIS\n\nMARKU DENTAL Sp. z o.o. jest specjalistyczną firmą medyczną, która od 1991r.\nzajmuje się kompleksowym zaopatrzeniem gabinetów stomatologicznych. Firma jest\njednym z liderów branżowych w kraju i wyłącznym przedstawicielem w Polsce wielu\nświatowych marek.\n\nObecnie poszukujemy kandydatów do pracy na stanowisku:\n\nPRACOWNIK DZIAŁU SERWISU\n\nMiejsce pracy: Częstochowa\n\nGłówne zadania:\n\n * naprawy stomatologicznego sprzętu medycznego w siedzibie firmy oraz u\n   klienta,\n\n * instalacja sprzętu w gabinetach stomatologicznych na terenie całej Polski,\n\n * wsparcie merytoryczne i techniczne dla użytkowników sprzętu,\n\n * przeprowadzanie prezentacji urządzeń w gabinetach stomatologicznych,\n\n * współpraca z działem handlowym w przygotowaniu ofert sprzedażowych,\n\nNasze wymagania\n\n * znajomość podstawowych zagadnień z dziedziny elektroniki, systemów\n   informatycznych oraz konfiguracji urządzeń komputerowych,\n\n * zmysł techniczny oraz zdolności manualne,\n\n * umiejętność pracy w zespole,\n\n * kreatywność w rozwiązywaniu problemów dotyczących wykonywanej pracy,\n\n * dobra znajomość języka angielskiego,\n\n * prawo jazdy kategorii B,\n\n * gotowość do częstych wyjazdów serwisowych na terenie całego kraju,\n\nMile widziane\n\n * wykształcenie wyższe techniczne,\n\n·         doświadczenie na podobnym stanowisku,\n\nOferujemy:\n\n * stabilne zatrudnienie w firmie o ugruntowanej pozycji na rynku,\n\n * pracę na pełny etat w oparciu o umowę o pracę,\n\n * szkolenia wdrożeniowe oraz specjalistyczne szkolenia mające na celu ciągły\n   rozwój kompetencji zawodowych,\n\n * współpracę z międzynarodowymi liderami w zakresie najnowszych technologii\n   medycznych,\n\n * atrakcyjne warunki zatrudnienia,\n\n \n\nList motywacyjny i cv prosimy kierować na adres e-mail:\nrekrutacja(at)marku.com.pl\n\nProsimy o dołączenie klauzuli:\n\n„Wyrażam zgodę na przetwarzanie moich danych osobowych zawartych w dostarczonych\nprzeze mnie dokumentach aplikacyjnych w zakresie adresu e-mail i numeru telefonu\ndo celów kontaktowych związanych z procesem rekrutacyjnym.”\n\n ""}",
4c489600-8196-4e09-9c4f-7d57e98cf5cf,"{""content"":""OPIS\n\nCo będę robić?\n\nBędziesz brać udział w początkowych etapach przygotowania materiałów medialnych\n(prasa, internet, radio, telewizja) do analizy polegających na wprowadzaniu\nplików, zaznaczaniu i kategoryzacji publikacji, weryfikacji opisów, itp.\n\nPraca przy komputerze - nie wymagamy doświadczenia (gwarantujemy szkolenie).\n\n\n\nJakie cechy/umiejętności muszę posiadać?\n\n * biegła obsługa komputera\n\n * analityczne myślenie\n\n * dokładność\n\n * umiejętność wyszukiwania, selekcji i porządkowania informacji\n\n * umiejętność krytycznej oceny przydatności informacji\n\n * szybkość podejmowania decyzji\n\n * umiejętność pracy pod presją czasu\n\n * zwracanie uwagi na szczegóły, uchwycenie kontekstów\n\n * odporność na powtarzalność wykonywanych zadań\n\n * preferencja pracy z materiałami wizualnymi\n\n * znajomość języka polskiego na poziomie C2 (informacja dla osób, dla których\n   język polski nie jest językiem ojczystym).\n\n\n\nCzy otrzymam przeszkolenie?\n\nTak. Mamy przygotowany program szkolenia, który przygotuje Ciebie do podjęcia\nsamodzielnej pracy. Wcześniejsze doświadczenie nie jest wymagane. Szkolenia\nodbywają się w godzinach porannych.\n\n\n\nDla kogo będę wykonywać zlecenie?\n\nDla PRESS-SERVICE Monitoring Mediów (www.psmm.pl). Mamy swoją siedzibę w\nPoznaniu i oddział w Warszawie. Współpracujemy z ponad 200 osobami i razem\ntworzymy firmę będącą liderem w swojej branży. Analizujemy ponad 1100 tytułów\nprasowych, 100 stacji radiowych i telewizyjnych, 5mln źródeł internetowych,\nsocial media, polskie i zagraniczne serwisy informacyjne!\n\n\n\nW jakich dniach będę wykonywać zlecenie?\n\nOpcja 1\n\nod poniedziałku do piątku w godzinach 05:00 - 13:00 (plus 2 soboty w miesiącu\nrekompensowane dniami wolnymi)\n\nOpcja 2\n\nod poniedziałku do piątku w godzinach 15:00/16:00 - 23:00/24:00\n\nOpcja 3\n\nweekendy w godzinach 05:00 - 13:00 a w co drugi weekend 13:00-21:00\n\n\n\nGdzie będę pracować?\n\nZdalnie, ze swojego domu.\n\n\n\nJak mogę zostać waszym współpracownikiem?\n\nKliknij przycisk aplikuj, wypełnij formularz i załącz CV. Skontaktujemy się z\nwybranymi kandydatami. Kolejnym etapem jest krótki test umiejętności, rozmowa\nrekrutacyjna, szkolenie i jesteś na pokładzie!\n\n\n\nCo zyskam pracując w PRESS-SERVICE Monitoring Mediów?\n\n * ciekawe zlecenie z materiałami pochodzącymi z różnych mediów\n\n * doświadczenie w dziedzinie media intelligence\n\n * stabilną współpracę w długim okresie\n\n * atrakcyjną stawkę\n\n * możliwość wykupienia prywatnej opieki medycznej\n\n * możliwość wykupienia pakietów sportowych\n\n * możliwość udziału w konkursach i eventach firmowych (np.darmowe bilety na\n   wydarzenia sportowe, festiwale muzyczne, spektakle teatralne).\n\n\n\nZgodnie z art.6 ust.1 lit. a ogólnego rozporządzenia o ochronie danych osobowych\nz dnia 27 kwietnia 2016 r. (Dz. Urz. UE L 119 z 04.05.2016) wyrażam zgodę na\nprzetwarzanie moich danych osobowych dla potrzeb aktualnej rekrutacji.\n\n\n\nCzęść informacyjna:\n\nZgodnie z art. 13 ogólnego rozporządzenia o ochronie danych osobowych z dnia 27\nkwietnia 2016 r. (Dz. Urz. UE L 119 z 04.05.2016) informuję, iż: 1)\nadministratorem Pani/Pana danych osobowych jest: PRESS-SERVICE Monitoring Mediów\nSp. z o.o.; ul. Marcelińska 14, 60-801 Poznań; 2) kontakt z Inspektorem Ochrony\nDanych – abykowska[małpa]psmm.pl; 3) Pani/Pana dane osobowe przetwarzane będą\ndla potrzeb aktualnej rekrutacji - na podstawie Art. 6 ust. 1 lit. a ogólnego\nrozporządzenia o ochronie danych osobowych z dnia 27 kwietnia 2016 r. oraz\nKodeksu Pracy z dnia 26 czerwca 1974 r.; 4) Pani/Pana dane osobowe przechowywane\nbędą przez okres 9 miesięcy; 5) posiada Pani/Pan prawo do żądania od\nadministratora dostępu do danych osobowych, prawo do ich sprostowania, usunięcia\nlub ograniczenia przetwarzania, prawo do wniesienia sprzeciwu wobec\nprzetwarzania, prawo do przenoszenia danych, prawo do cofnięcia zgody w dowolnym\nmomencie; 6) ma Pani/Pan prawo wniesienia skargi do organu nadzorczego; 7)\nPani/Pana dane osobowe nie podlegają zautomatyzowanemu podejmowaniu decyzji, w\ntym również profilowaniu; 8) podanie danych osobowych jest obligatoryjne w\noparciu o przepisy prawa, a w pozostałym zakresie jest dobrowolne i ich\nprzetwarzanie następuje na podstawie dobrowolnej zgody umieszczonej poniżej.\nKlikając w przycisk „Wyślij”/\""Aplikuj\"" zgadzasz się na przetwarzanie przez\nPRESS-SERVICE Monitoring Mediów Sp. z o.o. danych osobowych zawartych w Twoim\nzgłoszeniu rekrutacyjnym na stanowisko wskazane w ogłoszeniu o pracę (zgoda\nobejmuje dodatkowe dane osobowe, które nie zostały wskazane w Kodeksie pracy lub\ninnych przepisach prawa, np. Twój wizerunek, zainteresowania). Dane osobowe\nwskazane w Kodeksie pracy lub w innych przepisach prawa (m.in. Twoje imię,\nnazwisko, doświadczenie zawodowe, wykształcenie) przetwarzamy na podstawie\nprzepisów prawa. Jeżeli nie chcesz, abyśmy przetwarzali dodatkowe dane o Tobie,\nnie umieszczaj ich w swoich dokumentach.""}",
e27d5917-b0f5-4fb7-b038-5bfa08be6488,"{""content"":""OPIS\n\nILLOCHROMA HAONENG POLAND to polska filia wiodącej grupy specjalizującej się w\nprodukcji etykiet, która działa na rynku od ponad 100 lat. Nasza firma produkuje\nwysokiej jakości etykiety głównie na piwa dla klientów z całego świata.\n\nWspółpracujemy głównie z renomowanymi, międzynarodowymi korporacjami z branży\npiwowarskiej, co pozwala nam na rozwój i ciągłe podnoszenie jakości naszych\nproduktów. Nasze etykiety są używane przez największe browary na świecie.\n\nW związku z dynamicznym rozwojem naszej firmy, Poszukujemy doświadczonego\nOperatora KBA Rapida 105-7+L, który będzie odpowiedzialny za nadzór nad maszyną\noraz produkcję wydruków najwyższej jakości.\n\nZakres obowiązków:\n\n * Przygotowanie maszyny drukarskiej KBA do pracy\n\n * Ustawianie parametrów druku zgodnie z zleceniem\n\n * Nadzorowanie procesu drukowania oraz kontrola jakości wydruku\n\n * Dbanie o czystość i porządek na stanowisku pracy oraz w okolicy maszyny\n   drukarskiej\n\n * Współpraca z zespołem oraz koordynacja pracy podległych operatorów\n\n * Raportowanie wyników pracy i występowanie z sugestiami dotyczącymi poprawy\n   efektywności produkcji\n\nNasze wymagania\n\n * Doświadczenie w obsłudze maszyny drukarskiej KBA\n\n * Znajomość technologii druku offsetowego\n\n * Umiejętność samodzielnej pracy oraz pracy w zespole\n\n * Dokładność i skrupulatność w wykonywaniu pracy\n\n * Zdolność do pracy w systemie zmianowym\n\n * Znajomość języka polskiego lub angielskiego w stopniu umożliwiającym swobodną\n   komunikację\n\nTo oferujemy\n\n * Pracę w stabilnej firmie o ugruntowanej pozycji na rynku\n\n * Atrakcyjne wynagrodzenie adekwatne do posiadanych kwalifikacji i\n   doświadczenia\n\n * Możliwość rozwoju zawodowego i awansu\n\n * Przyjazną atmosferę pracy i wsparcie ze strony zespołu\n\n * dofinansowanie zajęć sportowych\n\n * prywatna opieka medyczna\n\n * dofinansowanie szkoleń i kursów\n\n * ubezpieczenie na życie\n\n * pakiet relokacyjny\n\nOsoby zainteresowane prosimy o złożenie CV przez portal OLX lub email na adres\na.xiao(at)illochroma.com z tytułem : CV-Drukarz Offsetowy\n\n""}",
fb00a09f-6ba4-4920-ac93-9fe82736c04b,"{""content"":""OPIS\n\nZatrudnię opiekunów osób starszych.\n\nPraca w stabilnie działającym Prywatnym Domu Opieki. Bezpieczne warunki pracy i\ndobra atmosfera. Możliwość pracy dodatkowej albo stałego zatrudnienia na umowę o\npracę. Warunki zatrudnienia do uzgodnienia. Ośrodek działający legalnie,\nposiadający wszystkie zezwolenia.\n\nPoszukujemy osób odpowiedzialnych, z wysokim poziomem empatii. Mile widziane\nposiadane zaswiadczenia o ukonczeniu kursu dla opiekunow osob starszych\n\nOferujemy stabilne warunki pracy i płacy.\n\nPreferowany kontakt telefoniczny.\n\nMiejsce pracy: Warszawa - Wawer (dobry dojazd komunikacją miejską i podmiejską)\n\n\n\nZe względu na barierę językową tylko POLSKI personel.""}",
3e25dc9c-ad68-44b3-ae20-d4f607fc1e48,"{""content"":""OPIS\n\nPoszukujemy do swojego zespołu dynamicznej osoby na stanowisko Rejestratorki\nMedycznej. Doświadczenie w branży medycznej lub wykształcenie pokrewne będzie\ndodatkowym atutem.\n\nOferujemy stabilne zatrudnienie w ramach umowy o pracę na cały etat.\n\nOsoby zainteresowane prosimy o wysłanie CV""}",
96661b1f-2749-4542-8b3d-47bf20f884ba,"{""content"":""Firma przyjmie do pracy osoby do prac fizycznych nie wymagających specjalnych\nuprawnień ,pomocników wykwalifikowanych,osoby do przyuczenia,fachowców z\ndziedziny budownictwa ,ogrodnictwa ,osoby z uprawnieniami udt,prawem jazdy kat.b""}",
96c5d23e-09c9-404c-8c5d-be0429369ce3,"{""content"":""Poprowadzimy MAŁY pensjonat, obiekt turystyczny,karczmę,tawernę, bistro\nśniadaniowe. kuchnia typu Komfort food - najchętniej SOPOT,WEJHEROWO,RUMIA\n,REDA. Mamy bogate doświadczenie gastronomiczno-hotelarskie w Niemczech,Austrii\noraz Szwajcarii Komputer i systemy rezerwacyjne nie stanowią dla nas tajemnic,\njak również rozliczenia, paragony, faktury itd, bez nałogów, odpowiedzialni,\nsystematyczni, uczciwi, dyspozycyjni, lojalni, dbający o czystość, ceniący\nkontakt z gośćmi ,biegła znajomość języków obcych... Zapraszamy do kontaktu""}",
76473d1b-3d32-4eb2-912a-1bdf710f569e,"{""content"":""Agencja Pracy Koncepcja organizuje zatrudnienie w kraju i za granicą już od\nponad 15 lat. Jest jedną z najstarszych stażem firm działających w branży\npośrednictwa pracy do Niemiec na rynku polskim. Specjalizujemy się także w\nrekrutacji i selekcji kandydatów do pracy na terenie Wrocławia i Dolnego Śląska.\nDzięki naszemu długoletniemu doświadczeniu jesteśmy w stanie zaoferować Państwu\nbezpieczne i legalne zatrudnienie u sprawdzonych pracodawców. Pracujemy tylko z\nwybranymi i starannie wyselekcjonowanymi firmami, tak aby zapewnić Państwu\nbezpieczną i satysfakcjonującą pracę. Posiadamy Certyfikat wydany przez\nMarszałka Województwa Dolnośląskiego potwierdzający wpis do Rejestru Agencji\nZatrudnienia pod nr 1926. OBECNIE POSZUKUJEMY KANDYDATÓW DO PRACY NA STANOWISKU:\nOczyszczacz odlewów Szlifierz odlewów Miejsce pracy: Niemcy, Augsburg (Bawaria)\nOFERUJEMY: • Stabilne zatrudnienie na pełny etat na co najmniej 24 miesiące •\nWynagrodzenie zależne od posiadanego doświadczenia i znajomości języka\nniemieckiego, może wynosić nawet 3100 euro/ etat plus nadgodziny •\nZakwaterowanie oferuje pracodawca – pokoje 1 osobowe z dostępem do kuchni i\nłazienki. Koszt zakwaterowania wynosi ok. 600 Euro/mc. • Pracę w renomowanej\nfirmie, która jest producentem dużych silników wysokoprężnych, gazowych oraz\nturbo maszyn • Pracę w systemie 2 lub 3 zmianowym • Możliwość nadgodzin • Brak\nkonta czasu pracy • Opłacane składki ubezpieczeniowe i emerytalne • Wszystkie\nświadczenia przysługujące pracownikom z tytułu zatrudnienia na terenie Niemiec •\nWsparcie na każdym etapie rekrutacji, pomoc konsultanta w sprawach\norganizacyjnych • Wsparcie w trakcie zatrudnienia w Niemczech • Przygotowanie\nprofilu zawodowego w języku niemieckim • Okres zatrudnienia wliczany jest do\nstażu zaliczanego do uprawnień emerytalnych ( po przepracowaniu 5 lat w\nNiemczech przysługuje prawo do niemieckiej emerytury) • Umożliwiamy\nubezpieczenie w firmie ubezpieczeniowej gwarantującej bezpłatną opiekę medyczną\ntakże w trakcie pobytu w Polsce. Możliwość ubezpieczenia innych członków\nrodziny. • Kandydaci podejmujący pracę za naszym pośrednictwem otrzymają 10 %\nrabat na usługi tłumaczeniowe wykonane w naszym biurze. W przypadku potrzeb\ntłumaczenia dokumentów na potrzeby np. kredytu w Polsce etc. Prosimy powołać się\nwówczas na to ogłoszenie • Nie pobieramy opłat za nasze usługi pośrednictwa\npracy. OBOWIĄZKI: • Prace związane z oczyszczaniem odlewów • Szlifowanie •\nObsługa maszyn • Inne obowiązki charakterystyczne dla ww. stanowiska WYMAGANIA:\n• Doświadczenie zawodowe na podobnym stanowisku • Znajomość języka niemieckiego\nmile widziana, ale niekonieczna • Własny samochód • Umiejętność pracy w zespole\n• Dokładność, sumienność, dobra kondycja fizyczna SPOSÓB APLIKOWANIA: CV w\njęzyku polskim oraz (jeżeli Państwo posiadają) niemieckim, kopie dokumentów\npotwierdzających wykształcenie, umiejętności i doświadczenie zawodowe prosimy\nprzesyłać na adres email: re*******a@k********.eu W CV prosimy o podanie\nklauzuli dotyczącej przetwarzania danych osobowych Na potrzeby tylko powyższej\nrekrutacji: Wyrażam zgodę na przetwarzanie danych osobowych zawartych w mojej\naplikacji przez Koncepcja z siedzibą we Wrocławiu ul. Podwale 62/2, 50-010\nWrocław na potrzeby przeprowadzenia procesu rekrutacji. Na potrzeby\ndługofalowego procesu rekrutacyjnego: Wyrażam zgodę na przetwarzanie danych\nosobowych zawartych w mojej aplikacji przez Koncepcja z siedzibą we Wrocławiu na\npotrzeby przyszłych procesów rekrutacji oraz przesyłanie aktualnych ofert pracy\nodpowiadających mojemu profilowi zawodowemu. Informujemy, ze przesłanie cv\noznacza jednoczesną zgodę na przetwarzanie Państwa danych osobowych. Zgodę można\nodwołać w każdej chwili wysyłając nam maila na adres: re*******a@k********.eu\nDziękujemy za przesłane dokumenty, po wstępnej selekcji, skontaktujemy się z\nwybranymi kandydatami. Agencja Pracy Koncepcja, Wrocław ul. Podwale 62/2, Nr\ntel. ** *******, kom., +48 790 613 052, kom. +48 790 592 719, kom. +48 792 785\n242, kom. +48 690 204 470, (w przypadku niedostępności pozostałych telefonów +\n48 791080654) Posiadamy wiele innych ofert pracy także w innych lokalizacjach –\npodaj nam swoje życzenia i preferencje a dopasujemy odpowiednią ofertę. E.Mail:\nre*******a@k********.eu Więcej ofert pracy na naszej stronie internetowej:\nwww.************""}",
63e2dcd6-0f46-43fa-9cc8-ef559dc3cf9f,"{""content"":""Witam szukam pracy na międzynarodówce z doświadczeniem za kierownicą od 2012\nroku. Posiadam pełną dokumentację co do danej kategorii na 5l do przodu. Wózki\nwidłowe, Szukam stabilnej i stałej pracy na umowę o pr. z wmiare z nowymi autami\ni wysoką kabiną 12-18ep. Chętnie podejmę pracę od zaraz nawet dziś. Mogą być\ntrasy do UK i powrót. Posiadam paszport i w miarę komunikatywny angielski. Po\nszkole technik-mech. Nie szukam gonitwy wkolo. Stawka +/- 400 + diety lub inne.\nSystem 3/1 lub do uzgodnienia. Gdyby chodziło o dojazd do firmy posiadam auto\nprywatne więc nie ma z tym problemu jeżeli ktoś to docenia a praca jest warta\ntego. Szukam w całej Polsce z miłą chęcią od zaraz.. Proszę pisać tylko\nkonkretne oferty.""}",
8e2c9cd8-a94c-464d-90ab-6552e9b61704,"{""content"":""OPIS\n\nKlub muzyczny w Radomiu zatrudni osobę do pracy za barem. Praca weekendowa w\ngodzinach nocnych. Do podstawowych obowiązków osoby zatrudnionej będzie należała\nobsługa klientów i sprzedaż asortymentu towarowego oraz sporządzanie drinków.\n\n\n\nPoszukujemy osób szybko przyswajających nową wiedzę, zorganizowanych,\nenergicznych, uczciwych oraz umiejących pracować szybko i lubiących kontakt z\nludźmi.\n\n\n\nDoświadczenie nie jest wymagane ale mile widziane. Chętnie osoby studiujące.""}",
3ec6048e-afa3-4e28-9c68-265c3ab8004d,"{""content"":""OPIS\n\nRekruter - praca zdalna\n\nPolska firma o międzynarodowym/ globalnym zasięgu z branży zdrowie/sport/uroda,\nposzukuje ludzi nie bojących się wyzwań,\n\nna stanowisko:\n\nRekruter/Rekruterka\n\nWymagania:\n\n- dostęp do Internetu\n\n- telefon lub laptop\n\n- otwartość i komunikatywność\n\n- konkretne zaangażowanie i nastawienie na realizację celu\n\n- Dostęp i otwartość pracy w Mediach Społecznościowych (głównie Facebook/\nInstagram)\n\n\n\nOferujemy:\n\n- darmowe szkolenia prowadzone przez specjalistów i praktyków biznesu\n\n- miesięczne wynagrodzenie (możliwość wypłat prowizyjnych codziennie)\n\n- bonusy i premie za realizację założonych celów\n\n- nieograniczone możliwości rozwoju (finanse/ awanse)\n\n- praca zdalna lub hybrydowa\n\n- system prowizyjny\n\n\n\nPoszukujemy również osoby na stanowiska:\n\nSpecjalista ds. pozyskiwania i obsługi przedsiębiorców\n\nSpecjalista ds. sprzedaży online\n\nDo kontaktu zapraszamy tylko osoby zdecydowane, zaangażowane, chcące pracować.""}",
ed990e76-11af-410e-9318-8b4e9db510f0,"{""content"":""OPIS\n\nFirma UNOTHERMA zatrudni osoby na stanowisko - Montażysta - Serwisant urządzeń\nklimatyzacji, pomp ciepła, instalacji CO, rekuperacji, wentylacji, instalacji\nwody lodowej, urządzeń chłodniczych.\n\nZakres prac m.in:\n\n-montaż instalacji i urządzeń\n\n- przeprowadzanie przeglądów okresowych klimatyzatorów, pomp ciepła oraz\npozostałych urządzeń\n\n- usuwanie awarii\n\nWymagania:\n\n- umiejętność czytania dokumentacji,\n\n- zaangażowanie w wykonywaniu powierzonych zadań,\n\n- umiejętność logicznego i układowego myślenia,\n\n- umiejętność pracy samodzielnej i w zespole,\n\n- estetyka pracy, odpowiedzialność, dyspozycyjność,\n\n- kultura osobista - wymagana\n\n- prawo jazdy kat. B\n\n- dla pracowników z innych krajów znajomość języka polskiego w stopniu\nkomunikatywnym w mowie i piśmie\n\nZapewniamy:\n\n- szkolenia wewnętrzne i zewnętrzne\n\n- pracę w zgranym i profesjonalnym zespole.\n\n- rozwój zawodowy\n\nWynagrodzenie premiowane w zależności od zaangażowania, poziomu wiedzy,\numiejętności przy wykonanych zadaniach -montaży , serwisów, przeglądów\nokresowych Miejsca pracy: Swarzędz , Poznań i okolice ( sporadycznie możliwe\nkilkudniowe delegacje ). Mile widziane doświadczenie ale nie jest warunkiem\nkoniecznym. Możliwość przyuczenia do wykonywania w/w czynności.\n\n\n\nZainteresowane osoby prosimy o wysyłanie CV lub kontakt telefoniczny. Kandydatów\nzainteresowanych, prosimy o dołączenie następującej klauzuli (jej przekazanie\nnie jest niezbędne, aby wziąć udział w rekrutacji): „Wyrażam zgodę na\nprzetwarzanie moich danych osobowych w związku z prowadzonym procesem\nrekrutacyjnym oraz na przetwarzanie moich danych osobowych z związku z\nprzyszłymi rekrutacjami prowadzonymi przez UNOTHERMA Marek Nowak. Jednocześnie\nprzyjmuję do wiadomości, iż zgoda może być w każdym momencie cofnięta (zgodnie z\nRozporządzeniem Parlamentu Europejskiego i Rady (UE) 2016/679 z dnia 27 kwietnia\n2016 r. w sprawie ochrony osób fizycznych w związku z przetwarzaniem danych\nosobowych i w sprawie swobodnego przepływu takich danych oraz uchylenia\ndyrektywy 95/46/WE).\""""}",
d755e0c0-2a2d-459f-85fb-f9819dcd7f2d,"{""content"":""OPIS\n\nPrzyjmę do pracy na stanowisko: kurier.\n\nBaza: Morawica / Mników\n\nOferuję:\n\n- stabilne zatrudnienie\n\n- samochód dostawczy typu blaszak/bus\n\n- umowa o pracę/umowę zlecenie - w zależności od preferencji pracownika\n\n- stały rejon - przewidywany czas obsługi rejonu 8h\n\n- możliwość pracy w soboty za dodatkowe wynagrodzenie\n\nWymagania:\n\n- prawo jazdy kat. B (min. 2 lata)\n\n- zaświadczenie o niekaralności\n\n- doświadczenie w prowadzeniu samochodów typu bus mile widziane (nie jest\nwymagane)\n\nPraca polega na porannym sortowaniu/odebraniu przesyłek, załadowaniu samochodu,\ndoręczeniu paczek, realizowaniu zleceń stałych oraz bieżących, rozliczeniu się z\nprzesyłek oraz pobrań z magazynu.\n\nOsoby zainteresowane proszę o przesłanie CV na adres e-mail lub kontakt\ntelefoniczny.""}",
717706ff-ebf4-47f6-b46a-59322856f036,"{""content"":""Medycyna pracy od ręki ,badania wysokościowe,\nksiążeczka sanepidu wraz z orzeczeniem lekarskim=tylko 100zł\nBadania okresowe 80zł\nBadania dla kierowców 80zł\n\nBłyskawiczna realizacja ,wysyłka na cały kraj,płatne przy odbiorze.\nMasz dużą firmę ,potrzebujesz na cito orzeczenia medycyny pracy -szybko\n,dyskretnie,bez kolejek.\n\nMasz pytania zadzwoń lub napisz\nmarekmedycyna @yahoo.com(bez spacji)""}",
f4cf199a-fbe1-454a-aa67-5b7e7af2e693,"{""content"":""Potrzebujesz badań sanepidowskich ,zdolności do pracy na wysokości powyżej 3m ,\nmedycyna pracy ,badania wstępne ,badania okresowe.\n\nMasz pytania napisz lub zadzwoń\n\nmedycynapracy @yahoo.com(bez spacji)\n\nKsiążeczka sanepidowska + orzeczenie lekarskie do spraw\nsanitarno-epidemiologicznych =100zł\nOrzeczenie lekarskie o zdolności do pracy na wysokości 80zł\nBadania dla kierowców 80zł\nBadania wstępne medycyny pracy i okresowe 80zł\n\nNie marnuj czasu w kolejkach,zamów już dziś szybko i wygodnie bez zbędnych\nformalności.\n\nWysyłka na terenie całego kraju ,\nprzesyłka pobraniowa -płatna przy odbiorze.\n\nmedycynapracy @yahoo.com(bez spacji)""}",
f356b07f-cff4-4b39-bed9-d7f77551beec,"{""content"":""Kierowca kat. B na trasie międzynarodowej Polska - Anglia. Wyjazdy raz w\ntygodniu. Wymagane posiadanie paszportu oraz doświadczenie w prowadzeniu busa.\nWięcej informacji pod numerem telefonu *********.""}",
9a4e80b0-0c3f-4b51-95f6-ea3ce3914b3a,"{""content"":""Kurs Kwalifikowanego Pracownika Ochrony Fizycznej, Zabezpieczenia Technicznego,\nDetektywa oraz Imprez Masowych. Rozpoczynamy szkolenia w każdym miesiącu.2021 r.\nMożliwość opłacenia kursu w ratach.""}",
aa42dd9d-661b-4745-a5ac-c9b11c56066a,"{""content"":""Firma KŁOSOK Spółka z ograniczoną odpowiedzialnością Sp. k. zatrudni kierowców\n(kobiety oraz mężczyzn) autobusu kategorii D. Jeśli jesteś kierowcą posiadającym\nprawo jazdy kategorii D, poszukujesz pracy, chcesz pracować w firmie o\nugruntowanej pozycji na rynku, to właśnie znalazłeś to, czego szukasz. Nasze\nzajezdnie autobusowe przewoźnika na terenie województwa Śląskiego oraz\nDolnośląskiego to: • Pszczyna • Wodzisław • Rybnik • Zabrze • Bielawa • Wrocław\n• Żory Obowiązki: • wykonywanie pracy zgodnie z rozkładem jazdy, • wypełnianie\nkart drogowych, • monitorowanie stanu technicznego pojazdu i informowanie\ndyspozytora o nieprawidłowościach, • sprzedaż biletów. Wymagania: • aktualne\nprawo jazdy kat. D, • świadectwo kwalifikacji zawodowych na przewóz osób (opcja\nzrobienia kwalifikacji zawodowych za pośrednictwem pracodawcy), • uczciwość i\nrzetelność w wykonywaniu codziennych obowiązków. Oferujemy: • darmową opiekę\nmedyczną • finansowanie uprawnień na kategorię D, • przeprowadzenie niezbędnych\nszkoleń, • możliwość ubezpieczenia grupowego, • pracę na nowym taborze, • pracę\nw stabilnej firmie o ugruntowanej pozycji na rynku, • atrakcyjne i zawsze\nterminowe wynagrodzenie, • elastyczny grafik pracy, • przyjęcie osób z\norzeczonym stopniem niepełnosprawności.""}",
9242be5f-f6f4-43d7-bac2-97d3fb7490fa,"{""content"":""OPIS\n\nWitam,\n\nJesteśmy brygadą posiadającą bogate doświadczenie w wykonywaniu budynków\nwielorodzinnych oraz jednorodzinnych w technologii tradycyjnej i żelbetowej.\n\n\n\nKierowani przez osobę posiadającą państwowe uprawnienia budowlane, mającą\nwieloletnie doświadczenie oferujemy :\n\n * Kompleksowa budowa budynków wielorodzinnych ( stan surowy)\n\n * Kompleksowa budowa budynków jednorodzinnych, bliźniaków, szeregowych (stan\n   surowy)\n\n * Kompleksowa budowa obiektów usługowych , przemysłowych, magazynowych,\n   transportowych\n\n * Murowanie ścianek działowych, konstrukcyjnych, osłonowych oraz wykonywanych w\n   technologii GK\n\n * Wykonywanie elementów żelbetowych\n\n * Wykonywanie prac ziemnych\n\n * Wykonywanie pokrycia dachów plaskich\n\n * Prace wykończeniowe (gładzie, malowanie , glazura, terakota, panele itp.)\n\n * Wykonywanie izolacji podziemia budynkow\n\n * Wykonywanie zasypek oraz odwodnień\n\nZainteresowanych naszymi uslugami zachęcam do kontaktu telefonicznego lub\nmailowego\n\ntel. 72*******16\n\nLUBLIN I OKOLICE\n\n\n\n""}",
64d50fc1-337d-43f3-a892-cf9c4073ca08,"{""content"":""OPIS\n\nPoszukujemy osoby, która tworzyłaby dla nas:\n\n * infografiki\n\n * belki graficzne dla produktów\n\n * szablony raportów (zamiana czystych prezentacji w ciekawe wizualizacje)\n\n * oferty\n\nDodatkowo ważne jest umiejętność pracy graficznej na PowerPoint. Zadania głównie\nwykonywane dla Działu Raportów Medialnych.\n\n\n\nForma współpracy\n\nDo ustalenia.\n\n\n\nDługość współpracy\n\nWspółpraca długoterminowa.\n\n\n\nWymagana dyspozycyjność\n\nOd 4 do 8 godzin dziennie - do ustalenia. Absolutne minimum to 4 godziny\ndziennie (dni robocze).\n\n\n\nKim jesteśmy?\n\nMonitorujemy media, pozyskując informacje z internetu, social media, prasy,\nradia i telewizji. Dziś, kiedy źródła liczy się w milionach, zapewniamy dostęp\ndo najszerszej i najdynamiczniej rozwijanej bazy mediów na rynku. Ale to nie\nwszystko – specjalizujemy się w profesjonalnej analizie przekazu. W naszej\nofercie znajdziesz przeglądy mediów, audyty i raporty medialne oraz newslettery\ni biuletyny, w których diagnozujemy wizerunek marki, branży czy wydarzenia.\n\nDoświadczenie, wiedza, elastyczność i najwyższej jakości obsługa sprawiają, że\nPSMM wybierają najbardziej wymagający Klienci.\n\n\n\nJak możesz zostać naszym współpracownikiem?\n\nKliknij przycisk aplikuj, wypełnij formularz i załącz CV oraz portfolio.\nSkontaktujemy się z wybranymi kandydatami. Kolejnym etapem jest rozmowa\nrekrutacyjna. Czeka Ciebie również zadanie rekrutacyjne.\n\n\n\nCo zyskasz pracując w PSMM?\n\n * długotrwałą współpracę z firmą o ugruntowanej pozycji rynkowej, lidera w\n   swojej branży\n\n * pracę w trybie home office\n\n * możliwości rozwoju i zdobycia nowych doświadczeń\n\n * możliwość udziału w konkursach, akcjach i eventach firmowych\n\n * możliwość wykupienia prywatnej opieki medycznej\n\n * możliwość wykupienia pakietów sportowych.\n\n\n\nZgodnie z art.6 ust.1 lit. a ogólnego rozporządzenia o ochronie danych osobowych\nz dnia 27 kwietnia 2016 r. (Dz. Urz. UE L 119 z 04.05.2016) wyrażam zgodę na\nprzetwarzanie moich danych osobowych dla potrzeb aktualnej rekrutacji.\n\n\n\nCzęść informacyjna: Zgodnie z art. 13 ogólnego rozporządzenia o ochronie danych\nosobowych z dnia 27 kwietnia 2016 r. (Dz. Urz. UE L 119 z 04.05.2016) informuję,\niż: 1) administratorem Pani/Pana danych osobowych jest: PRESS-SERVICE Monitoring\nMediów Sp. z o.o.; ul. Marcelińska 14, 60-801 Poznań; 2) kontakt z Inspektorem\nOchrony Danych –iod[małpa]psmm.pl; 3) Pani/Pana dane osobowe przetwarzane będą\ndla potrzeb aktualnej rekrutacji - na podstawie Art. 6 ust. 1 lit. a ogólnego\nrozporządzenia o ochronie danych osobowych z dnia 27 kwietnia 2016 r. oraz\nKodeksu Pracy z dnia 26 czerwca 1974 r.; 4) Pani/Pana dane osobowe przechowywane\nbędą przez okres 9 miesięcy; 5) posiada Pani/Pan prawo do żądania od\nadministratora dostępu do danych osobowych, prawo do ich sprostowania, usunięcia\nlub ograniczenia przetwarzania, prawo do wniesienia sprzeciwu wobec\nprzetwarzania, prawo do przenoszenia danych, prawo do cofnięcia zgody w dowolnym\nmomencie; 6) ma Pani/Pan prawo wniesienia skargi do organu nadzorczego; 7)\nPani/Pana dane osobowe nie podlegają zautomatyzowanemu podejmowaniu decyzji, w\ntym również profilowaniu; 8) podanie danych osobowych jest obligatoryjne w\noparciu o przepisy prawa, a w pozostałym zakresie jest dobrowolne i ich\nprzetwarzanie następuje na podstawie dobrowolnej zgody umieszczonej poniżej.\nKlikając w przycisk „Wyślij”/\""Aplikuj\"" zgadzasz się na przetwarzanie przez\nPRESS-SERVICE Monitoring Mediów Sp. z o.o. danych osobowych zawartych w Twoim\nzgłoszeniu rekrutacyjnym na stanowisko wskazane w ogłoszeniu o pracę (zgoda\nobejmuje dodatkowe dane osobowe, które nie zostały wskazane w Kodeksie pracy lub\ninnych przepisach prawa, np. Twój wizerunek, zainteresowania). Dane osobowe\nwskazane w Kodeksie pracy lub w innych przepisach prawa (m.in. Twoje imię,\nnazwisko, doświadczenie zawodowe, wykształcenie) przetwarzamy na podstawie\nprzepisów prawa. Jeżeli nie chcesz, abyśmy przetwarzali dodatkowe dane o Tobie,\nnie umieszczaj ich w swoich dokumentach.\n\n\n\n\n\n""}",
00e447b7-54c2-416b-b68c-d5242f3170a7,"{""content"":""OPIS\n\nInstytut Medycznej Marihuany Zapłacimy jednorazowo 100 zł za polecenie pacjenta\nktóry przejdzie bezpłatną kwalifikacje oraz opłaci wizytę z receptą (koszt 200\nzł). Zapraszamy do kontaktu. E-Recepta Online www.drcannabisgram.com""}",
7532b914-8885-4b97-9416-d06d4e89e9b9,"{""content"":""OPIS\n\nLajkonik – Piekarnia i Kawiarnia\n\nto wyjątkowe miejsce w Krakowie i Katowicach, w którym pachnie świeżym pieczywem\ni aromatyczną kawą. To miejsce, w którym Ty będziesz się rozwijać, a my zadbamy\no to, abyś miał ku temu możliwości.\n\nJeśli szukasz pracy w firmie, w której Pracownik jest naprawdę ważny, w której\nkierujemy się wartościami i wzajemnym szacunkiem - Dołącz do Lajkonika!\n\nA może ważne są dla Ciebie benefity? Nasi Pracownicy objęci są prywatną opieką\nmedyczną, mają rabat pracowniczy 50% na wszystkie nasze produkty, a także mogą\nskorzystać z ubezpieczenia grupowego oraz karty Multisport.\n\nCo jeszcze od Nas otrzymasz: \n\n * zatrudnienie w oparciu o umowę o pracę na niepełny wymiar etatu (3/4 etatu\n   lub 0,5 etatu),\n\n * elastyczny grafik, który pozwoli Ci na pogodzenie pracy z innym\n   zobowiązaniami,\n\n * wynagrodzenie podstawowe uzależnione od stażu pracy w Naszej firmie, a także\n   premie sprzedażowe,\n\n * Zakładowy Fundusz Świadczeń Socjalnych (bony na Święta),\n\n * pracę w młodym i zgranym zespole,\n\n * pracę w systemie zmianowym (nasze piekarnio-kawiarnie otwarte są także w\n   soboty).\n   \n   \n\nDo Twoich obowiązków będzie należało:\n\n * obsługa Naszych Gości,\n\n * przyrządzanie kanapek oraz napojów zgodnie z recepturami oraz Naszymi\n   standardami,\n\n * dbanie o wygląd lady (dorabianie produktów zgodnie z zapotrzebowaniem,\n   wykładanie ciast, drożdżówek do lady),\n\n * dbanie o estetykę i czystość lokalu,\n\n * przestrzeganie Naszych standardów oraz zasad higieny.\n   \n   \n\nOczekujemy od Ciebie:\n\n * książeczki sanepidowskiej (lub gotowości jej wyrobienia),\n\n * punktualności,\n\n * dobrej energii i pozytywnego nastawienia do ludzi,\n\n * łatwości w nawiązywaniu kontaktów interpersonalnych,\n\n \n\nOsoby zainteresowane proszę o przesłanie CV wraz z dołączoną klauzulą:\n\nWyrażam zgodę na przetwarzanie moich danych osobowych zawartych w ofercie pracy\ndla potrzeb bieżącej rekrutacji, zgodnie z ustawą z dnia 29 sierpnia 1997 r. o\nochronie danych osobowych (tekst jednolity Dz.U. z 2002r., Nr 101, poz. 926 z\npóźn. zm.) W przypadku zainteresowania udziałem również w przyszłych procesach\nrekrutacyjnych prosimy o zamieszczenie klauzuli: Wyrażam zgodę na przetwarzanie\nmoich danych osobowych zawartych w CV i innych dokumentach aplikacyjnych w celu\nwykorzystania ich w przyszłych procesach rekrutacyjnych przez Lajkonik. House of\nBakery Sp. z o.o.\n\nAplikując proszę o zapoznanie się z informacją dotyczą przetwarzania danych\nosobowych w Lajkonik. House of Bakery Sp. z. o.o.\n\nSzczegółowe informacje znajdują się w Zakładce Kariera na stronie internetowej\nLajkonik. House of Bakery Sp. z o.o.\n\nAdministratorem Pana/Pani danych osobowych jest firma Lajkonik. House of Bakery.\nSp. z o.o. z siedzibą w Krakowie na ul. Basztowej 3.\n\nPana/Pani dane osobowe będą przetwarzane w celu realizacji procesu rekrutacji.\nDane osobowe mogą zostać udostępnione wyłącznie podmiotom upoważnionym na\npodstawie przepisów prawa. Posiada Pani/Pan prawo dostępu do treści swoich\ndanych oraz otrzymania ich kopii, sprostowania (poprawiania) swoich danych,\nusunięcia, ograniczenia lub wniesienia sprzeciwu wobec ich przetwarzania,\nprzenoszenia danych, wniesienia skargi do organu nadzorczego, a także wycofania\nzgody.""}",
3318ba57-c89b-473c-a222-b4c0c722b315,"{""content"":""OPIS\n\nWitaj, jeśli jesteś młodą i energiczną osobą w przedziale wiekowym 16-35lat.\nTo mam dla Ciebie prace której właśnie szukasz. Startujemy już od 2 czerwca\n,kończymy około 10 września , Zarobki potrafią być na najwyższym poziomie ale\nwszystko zależy od twojego zaangażowania. Pracujemy od 5 do 8 godzin dziennie\nwszystko zależy od ciebie ! Średnia dniówka oscyluje w granicach 200-400 zł .\nJednak Ci najbardziej zmotywowani spokojnie przekraczają ten próg. Już wyglada\ndobrze ? O pieniądze również nie musisz się martwić, są wypłacane każdego\ndnia zaraz po zakończeniu Twojej pracy. Jak to dokładnie wyglada? Zajmujemy\nsię handlem obnośnym . Polega to na sprzedaży produktów Spożywczych na\nplaży takich jak : kukurydza ,wata cukrowa , nachosy z sosem , popcorn , zimne\nnapoje ,. Zaczynamy o 9:30 -10 w zależności od dnia ,Wbrew pozorom praca nie\njest ciężka, a satysfakcja że zarobki są uzależnione tylko od Ciebie,\njeszcze bardziej motywuje do pracy!,Pochodzisz z daleka, nie martw się.\nPomożemy zorganizować Ci nocleg i zwrócimy koszta twojego transportu!\nZałatwimy wszystko zanim jeszcze przyjedziesz! To jeszcze nie wszytko, to ze\nmimo pracy spędzisz super wakacje w bajecznym Mielnie które co roku odwiedza\nmasa młodzieży z całej Polski chyba nie musimy wspominać. Jednak mamy dla Was\ncoś jeszcze, organizujemy ogniska , są premie dla najlepszych pracowników.\nJeśli jednak Twoja ciekawość nie została w 100% nasycona, skontaktuj się z\nnami a udzielimy odpowiedzi na wszystkie Twoje pytania! Ważne : Pracujemy tylko\nw dni słoneczne , W dni w które nie ma pogody jest wolne ! Wymagamy : plecaka i\nsaszetki /nerki""}",
52747b59-6755-4bcb-8489-72c53f1f430e,"{""content"":""Potrzebujesz badań sanepidowskich ,zdolności do pracy na wysokości powyżej 3m ,\nmedycyna pracy ,badania wstępne ,badania okresowe.\n\nMasz pytania napisz lub zadzwoń\n\nmedycynapracy @yahoo.com(bez spacji)\n\nKsiążeczka sanepidowska + orzeczenie lekarskie do spraw\nsanitarno-epidemiologicznych =100zł\nOrzeczenie lekarskie o zdolności do pracy na wysokości 80zł\nBadania dla kierowców 80zł\nBadania wstępne medycyny pracy i okresowe 80zł\n\nNie marnuj czasu w kolejkach,zamów już dziś szybko i wygodnie bez zbędnych\nformalności.\n\nWysyłka na terenie całego kraju ,\nprzesyłka pobraniowa -płatna przy odbiorze.\n\nmedycynapracy @yahoo.com(bez spacji)""}",
80fa97a7-88cb-47ce-96d2-e358e5aa7027,"{""content"":""Przyjme wspólnika do pracy w budownictwie , zlota raczka na wspólnika .Antek""}",
12942d74-1533-4fa5-80fe-ad1b4901f561,"{""content"":""Szukam osób do prostej pracy zdalnej, wykonywanej przez Internet . Potrzebna\nosoba która posiada podstawowe info dotyczące obsługi komputera - tzn\n.wypełnienie wniosku , odpisanie , napisanie maila - praca nie ma sztywnych\ngodzin , pracujesz kiedy i ile chcesz - nie ma żadnych limitów ani wymagań\nokreślonych wyników - wynagrodzenie zależy tylko i wyłącznie od zaangażowania\nWymagania - ukończone 18 lat /posiadany dowód - obsługa komputera na poziomie\npodstawowym - praca zajmuje 2-3 h / Ty decydujesz Oferujemy wynagrodzenia\n4.500-8.000 miesięcznie i więcej w zależności jaką ilością czasu dysponujesz\n1.000 - 1.600 już w pierwszych dwóch tygodniach Pomoc na każdym etapie\nwspółpracy Zapraszam serdecznie andrzejstanczyknet.xaa.pl/ Andrzej Stańczyk""}",
59d7c596-566e-46dc-b2c0-f5f0280db8d2,"{""content"":""KIEROWCA AUTOBUSU KŁOSOK Spółka z ograniczoną odpowiedzialnością Spółka\nkomandytowa jest firmą, która działa na rynku od roku 1993. Przedsiębiorstwo\nzarejestrowane jest w Żorach, a główne biuro ma swoją lokalizację w Wodzisławiu\nŚląskim na ulicy Łużyckiej. Firma świadczy głównie usługi transportu publicznego\ni przewozu pasażerskiego na terenie województwa Śląskiego oraz Dolnośląskiego.\nObecnie firma posiada 7 zajezdni autobusowych w Wodzisławiu Śląskim, Pszczynie,\nRybniku, Zabrzu, Dzierżoniowie, Długołęce oraz od marca 2022 roku w Żorach.\nFirma KŁOSOK Spółka z ograniczoną odpowiedzialnością Sp. k. zatrudni kierowców\n(kobiety oraz mężczyzn) autobusu kategorii D. Jeśli jesteś kierowcą posiadającym\nprawo jazdy kategorii D, poszukujesz pracy, chcesz pracować w firmie o\nugruntowanej pozycji na rynku, to właśnie znalazłeś to, czego szukasz. Nasze\nzajezdnie autobusowe przewoźnika na terenie województwa Śląskiego oraz\nDolnośląskiego to: • Pszczyna • Wodzisław • Rybnik • Zabrze • Bielawa • Wrocław\n• Żory Obowiązki: • wykonywanie pracy zgodnie z rozkładem jazdy, • wypełnianie\nkart drogowych, • monitorowanie stanu technicznego pojazdu i informowanie\ndyspozytora o nieprawidłowościach, • sprzedaż biletów. Wymagania: • aktualne\nprawo jazdy kat. D, • świadectwo kwalifikacji zawodowych na przewóz osób (opcja\nzrobienia kwalifikacji zawodowych za pośrednictwem pracodawcy), • uczciwość i\nrzetelność w wykonywaniu codziennych obowiązków. Oferujemy: • darmową opiekę\nmedyczną • finansowanie uprawnień na kategorię D, • przeprowadzenie niezbędnych\nszkoleń, • możliwość ubezpieczenia grupowego, • pracę na nowym taborze, • pracę\nw stabilnej firmie o ugruntowanej pozycji na rynku, • atrakcyjne i zawsze\nterminowe wynagrodzenie, • elastyczny grafik pracy, • przyjęcie osób z\norzeczonym stopniem niepełnosprawnym Oferta również skierowana dla obywatelów\nUkrainy. Работа в Польше - водитель автобуса (кат. D), http**************\nконтакт - +48533485828 Компания \""Кłosok\"" „Клосок\"") приглашает на работу\nводителей кат. D для обслуживания автобусов. Основной задачей водителя автобуса,\nработающего на регулярных городских маршрутах, является перевозка пассажиров с\nсоблюдением графика движения в соответствии с расписанием и обеспечение\nбезопасной перевозки пассажиров Работодатель обеспечивает легальное\nтрудоустройство, страхование, жильё. Место работы: Катовице и окраина горона\nПредлагаем: • зарплата от 1100 $ в месяц • проживание: квартира со всеми\nудобствами • помощь в оформлении всех необходимых документов по трудоустройству\n• помощь в оформлении карты побыту и разрешения типа А (воевода) Требования: •\nдействительны водительские права кат. D (городской автобус) желательно права\nвыданы до 2008 года""}",
b6c6b907-9ed9-4164-80e8-d82702377ee3,"{""content"":""OPIS\n\nOpis stanowiska:\n\n·       Kompleksowa obsługa klienta w salonie mebli na zamówienie, doradztwo,\n\n·       Projektowanie mebli kuchennych i innych na indywidualne zamówienie\nklienta,\n\n·       Przygotowywanie ofert, wycen oraz omówienie ich z klientem\n\n·       Udział w procesie sprzedaży mebli i innych elementów dot. oferty.\n\n·       Przygotowywanie dokumentacji przedprodukcyjnej\n\n·       Dbałość o estetykę ekspozycji i o codzienne bardzo dobre funkcjonowanie\nsklepu\n\n\n\nWymagania:\n\n·       Praktyczne doświadczenia w branży meblarskiej.\n\n·       Zainteresowanie branżą meblarską, architekturą wnętrz\n\n·       Umiejętność obsługi komputera (Pro100)\n\n·       Sumienność i odpowiedzialność,\n\n·       Umiejętności pro-sprzedażowe - „zacięcie handlowe”,\n\n·       Wysoka kultura osobista,\n\n·       Umiejętność rozpoznawania potrzeb klienta.\n\n""}",
7ecbf014-776d-4fc5-8c65-8f454f4416a4,"{""content"":""OPIS\n\nPizzeria AL DENTE zatrudni osoby do pracy na stanowisku obsługi klienta\n/bar/szukamy fainych i energetycznych osób.Szukamy osób na stałe jak i na\nsezon.Praca 5 dni w tygodniu od środy do niedzieli w godzinach 11-22 lub 14-22.""}",
28b7c18d-5443-4c74-bccb-affda20e6acf,"{""content"":""OPIS\n\nHurtownia spożywcza zatrudni kierowcę na kat. C,\n\nPraca polega na zaopatrywaniu w surowce piekarnie, cukiernie, lodziarnie.\n\nCodzienne powroty do siedziby firmy.\n\nDostawy samochodem ciężarowym lub dostawczym do Klientów.\n\nObowiązki:\n\n·      - dystrybucja towarów pod wskazany adres,\n\n·      - załadunek i rozładunek towarów,\n\nWymagania:\n\n·      Prawo jazdy kategorii C\n\n·      Doświadczenie min 1 rok.\n\n·      Uczciwość,\n\n·     Dbałość o powierzony samochód.\n\n- Praca od poniedziałku do piątku\n\n- Umowa o pracę \n\n \n\n Mile widziane osoby z orzeczeniem o niepełnosprawności.\n\n \n\n,,Administratorem Twoich danych osobowych jest Zakład Zaopatrzenia\n\nTech-Mat Sp. Z o.o. z siedzibą przy ul. Szajnochy 3/5 w Bydgoszczy. Dane\n\nosobowe są zbierane w celu realizacji procesu rekrutacji. Ma Pani/Pan prawo do\n\nwycofania zgody w dowolnym momencie, przy czym cofnięcie zgody nie ma wpływu na\n\nzgodność przetwarzania, którego dokonano na jej podstawie przed cofnięciem\n\nzgody. Podanie danych jest dobrowolne, ale konieczne w celu przeprowadzenia\n\nrekrutacji, w której Pani/Pan bierze udział. Ma Pani/Pan prawo dostępu do\n\nTwoich danych osobowych, ich sprostowania, usunięcia lub ograniczenia\n\nprzetwarzania”.""}",
71420c73-bd1c-4917-bcf3-60a0aaf2e012,"{""content"":""OPIS\n\nWitamy :)\n\nPoszukujemy nauczyciela, który będzie prowadził w naszym przedszkolu grupę 3/4\nlatków.\n\nMieścimy się w Warszawie w dzielnicy Wesoła.\n\nTermin rozpoczęcia współpracy: do ustalenia, czerwiec/wakacje/wrzesień?\n\nZależy nam, aby nasza nowa koleżanka lubiła pracę z dziećmi, czuła powołanie i\nzapał do pracy. Lubiła zabawy z dzieciakami i twórcze działanie oraz była\nkreatywna.\n\nPosiadanie kierunkowego wykształcenia jest OBOWIĄZKOWE\n\nOferujemy umowę o pracę na pełen etat, stabilne zatrudnienie, konkurencyjne\nwynagrodzenie i unormowany czas pracy oraz prywatną opiekę medyczną w Medicover.\n\nDysponujemy możliwością zakwaterowania.\n\nJeżeli spełniasz powyższe kryteria - czekamy na Twoją aplikację. :)\n\nCV proszę przesłać na nasz adres mailowy lub za pomocą formularza olx.""}",
d3d16b5a-9430-4617-be1a-0ca2ea7501a0,"{""content"":""OPIS\n\nFirma specjalizująca się w automatycznym przemysłowym montażem kół samochodowych\ndla fabryki samochodów poszukuje pracowników zainteresowanych pracą w obszarze\nprodukcji i logistyki z możliwością rozwoju zawodowego.\n\nPraca dotyczy 3 zmianowego systemu pracy zgodnie z rytmem pracy Klienta.\n\nZakres obowiązków:\n\n * obsługa linii montażowej zgodnie z przyjętymi standardami;\n\n * wykonywanie pracy przy linii produkcyjnej;\n\n * obsługa urządzeń pomiarowych;\n\n * obsługa maszyn produkcyjnych;\n\n * kontrola jakości na wybranym etapie produkcji.\n\nWymagania:\n\n * dyspozycyjności i gotowość do pracy w systemie trzyzmianowym;\n\n * dbałości o jakość pracy oraz nastawienia na pracę zespołową;\n\n * rzetelności, dbałości o szczegóły;\n\n * gotowość do pracy fizycznej;\n\n * umiejętność pracy w zespole.\n\nOferujemy:\n\n * pracę w przyjaznym środowisku;\n\n * stabilną pracę w młodym i dynamicznym zespole;\n\n * możliwość otrzymania premii za propozycje Kaizen;\n\n * program benefitów (karta Multisport, ubezpieczenie grupowe);\n\n * premię za polecenie znajomego: 500 zł brutto;\n\n * premie półroczne ( w okresie wakacyjnym, w okresie świątecznym);\n\n * pracę na w pełni zautomatyzowanej hali produkcyjnej;\n\n * możliwość nadgodzin;\n\n * możliwość awansu na lidera zmiany oraz rozwoju w ramach organizacji;\n\n * możliwość zdobycia dodatkowych uprawnień na koszt pracodawcy.\n\nProsimy o zamieszczenie w dokumentach aplikacyjnych następującej klauzuli:\n„Zgodnie z art.6 ust.1 lit. a) RODO wyrażam zgodę na przetwarzanie danych\nosobowych zawartych w mojej ofercie pracy dla potrzeb procesu rekrutacji.”""}",
daa7cf0a-f74c-4706-803d-783b8c012577,"{""content"":""Medycyna pracy od ręki ,badania wysokościowe,\nksiążeczka sanepidu wraz z orzeczeniem lekarskim=tylko 100zł\nBadania okresowe 80zł\nBadania dla kierowców 80zł\n\nBłyskawiczna realizacja ,wysyłka na cały kraj,płatne przy odbiorze.\nMasz dużą firmę ,potrzebujesz na cito orzeczenia medycyny pracy -szybko\n,dyskretnie,bez kolejek.\n\nMasz pytania zadzwoń lub napisz\nmarekmedycyna @yahoo.com(bez spacji)""}",
20d9acb5-3247-416b-98c2-76121cd84ed4,"{""content"":""Cześć, proponuję współpracę w trybie zdalnym. Jest to projekt\nrozwojowo-zarobkowy, który ma na celu pomóc każdej kobiecie stać się niezależną\nfinansowo.\nPraca na długie wiosenne wieczory, elastyczny grafik, gotowy system jak i\nmateriały, możliwość stałej współpracy.\nZapraszam do kontaktu :)""}",
18c0dba9-a6c4-4aa8-93ce-9984f8ab6c1a,"{""content"":""Znane Warszawskie Studio Tatuażu i Piercingu Zatrudni Doświadczonego Tatuatora.\nProsimy przesyłać CV.""}",
20ab5be3-dc6d-43fe-ab2c-f50069b06a1e,"{""content"":""Pracownicy do adaptacji poddasza wełna folia paroizolacyjna , małe domki\njednorodzinne""}",
56dc5de9-73d1-4d11-b8f3-02544a228e22,"{""content"":""OPIS\n\nZatrudnię mężczyznę do pracy fizycznej przy zaopatrzeniu stoisk z owocami i\nwarzywami. Rozładunek i załadunek busa na terenie Warszawy. Start z Bemowa ul.\nRozłogi 18 Praca w godzinach wczesnoporannych i wieczornych. Stawka 20 zł/h\nnetto w okresie próbnym przez pierwsze 2 tyg., po okresie próbnym stawka 25 zł/h\nnetto. Kontakt pod nr tel. 50*******42""}",
e9993f58-4550-43ef-a635-86fba5a92763,"{""content"":""OPIS\n\nJeżeli chciałabyś podnieść standard swojego życia oraz spróbować swoich sił w\nbranży masaży relaksacyjnych to dobrze trafiłaś. Nasz salon masażu prowadzi\nnabór na stanowisko masażystki. Możliwa praca na pełen etat jak również\ndodatkowa. Zapewniamy; -bezplatne szkolenie, więc doświadczenie nie jest\nwymagane - wypłaty w terminie - przestrzeganie RODO oraz dyskrecję -\nbezpieczeństwo Od kandydatek oczekujemy: - miłej aparycji - przyjaznego\nusposobienia do klienta - szczerości - punktualności - uczciwości - pewności\nsiebie Zainteresowane osoby zapraszamy do kontaktu poprzez olx. Napisanie paru\nzdań o sobie oraz zostawienie linków do social mediów przyśpieszy proces\naplikacji. UA: Якщо ви хочете підвищити рівень свого життя і спробувати свої\nсили у сфері релаксаційного масажу, тоді ви прийшли в правильне місце. Наш\nмасажний салон проводить набір на посаду масажистки. Можлива як повна\nзайнятість, так і додаткова робота. Ми забезпечуємо; -безкоштовне навчання, тому\nдосвід роботи не потрібен - своєчасні платежі - дотримання RODO та розсудливості\n- безпека Ми очікуємо, що це зроблять жінки-кандидатки: - приємний зовнішній\nвигляд - доброзичливе ставлення до клієнта - щирість - пунктуальність -\nцілісність - впевненість у собі Зацікавлені сторони можуть зв'язатися з нами\nчерез olx. Написавши кілька речень про себе і залишивши посилання на соціальні\nмережі, ви прискорите процес подачі заявки.""}",
d13ba567-505d-4cbf-9277-66e880ae6214,"{""content"":""OPIS\n\nZatrudnię przy wykończeniach wnętrz.Zarobki adekwatne do posiadanych\numiejętności.Wyplaty co tydzień.Zawieziemy,przywieziemy.""}",
6cd676f5-7e02-4b21-a1d8-4ed5df077651,"{""content"":""OPIS\n\nGrupa Hotelowa Condo.pl to część Condo.pl, która wspiera hotele i inwestycje\napartamentowe w sposób kompleksowy we wszystkich aspektach rozwoju biznesu.\nTworzymy konkurencyjną i nowoczesną markę w branży hotelarskiej. Łączymy\nznajomość lokalnego rynku nieruchomości, ducha przedsiębiorczości, ale przede\nwszystkich doświadczenie w obszarze zarządzania hotelami autorskimi i\nsieciowymi, zarządzania gastronomią, sprzedaży usług hotelowych oraz marketingu.\nGrupę tworzą hotele o różnych standardach i znaczeniu funkcjonalnym w tym m.in.:\n2 hotele w Karkonoszach: Tremonti Ski & Bike Resort w Karpaczu, Mercure Hotel\nSzklarska Poręba oraz Apartamenty na Wydmach w Pobierowie.\n\nZłoty Horyzont w Szklarskiej Porębie oferuje przestronne apartamenty, strefę SPA\n& Wellness z jacuzzi oraz saunami, a także wyjątkową restaurację główną.\n\nAktualnie poszukujemy osoby na stanowisko: recepcjonista/recepcjonistka oraz\nrecepcjonista nocny.\n\n \n\nOpis stanowiska:\n\n• Formalności związane z zameldowaniem i wymeldowaniem Gości\n\n• Wystawianie dokumentów sprzedażowych, obsługa kasy fiskalnej oraz terminali\npłatniczych\n\n• Obsługa rezerwacji indywidualnych\n\n• Dbanie o najwyższy poziom świadczonych usług i zadowolenie Gościa\n\n• Bieżąca współpraca z innymi działami Resortu\n\n \n\nWymagania:\n\n• Dobre umiejętności organizacyjne oraz komunikacyjne\n\n• Umiejętność pracy w zespole\n\n• Umiejętność budowania i utrzymywania dobrych relacji z Gościem\n\n• Wysoka kultura osobista\n\n• Pozytywne nastawienie oraz chęć nauki\n\n• Znajomość Microsoft Word/Excel\n\n• Doświadczenie w pracy na podobnym stanowisku oraz znajomość systemu Protel\nbędzie dodatkowym atutem\n\n• Mile widziana znajomość języka obcego\n\n\n\nOferujemy:\n\n• Stabilne zatrudnienie na jasnych warunkach w firmie o ugruntowanej pozycji na\nrynku\n\n• System motywacyjny oraz premię sprzedażową\n\n• Możliwość ciągłego rozwoju\n\n• Fantastyczną atmosferę oraz pracę w życzliwym zespole\n\n• Nowoczesne rozwiązania w obsłudze Gości\n\n \n\nOsoby zainteresowane aplikowaniem na ww. stanowisko prosimy o przesłanie CV\ndrogą mailową, w tytule wiadomości podając nazwę stanowiska oraz imię i\nnazwisko.\n\nW CV proszę o zamieszczenie poniższej klauzuli: Wyrażam zgodę na przetwarzanie\ndanych osobowych zawartych w niniejszym dokumencie do realizacji procesu\nrekrutacji zgodnie z Ustawą z dnia 10 maja 2018 roku o ochronie danych osobowych\n(Dz. Ustaw z 2018, poz. 1000) oraz zgodnie z Rozporządzeniem Parlamentu\nEuropejskiego i Rady (UE) 2016/679 z dnia 27 kwietnia 2016 r. w sprawie ochrony\nosób fizycznych w związku z przetwarzaniem danych osobowych i w sprawie\nswobodnego przepływu takich danych oraz uchylenia dyrektywy 95/46/WE (RODO).\n\n \n\n""}",
e3639acd-388e-411d-a71f-f8ea47be6688,"{""content"":""OPIS\n\nFirma Eko-Dom poszukuje pracownika do biura:\n\nZakres obowiązków:\n\n * prowadzenie działań przetargowych\n\n * czuwanie nad dokumentacją prowadzonych inwestycji\n\n * monitorowanie założeń fakturowych\n\n * wprowadzanie faktur inwestycyjnych\n\nWymagania:\n\n * bardzo dobra znajomość pakietu office\n\n * średnia znajomość AutoCAD\n\n * znajomość programu NORMA\n\nMile widziane:\n\n * zdolności organizacyjne\n\n * umiejętność pracy w zespole\n\nOferujemy:\n\n-wysokie i konkurencyjne wynagrodzenie\n\n-stabilne zatrudnienie na podstawie umowy o pracę\n\n-praca w młodym zespole\n\n-możliwość rozwoju\n\nMail : aneta.ekodom(małpka)gmail.com\n\nnr tel: 6-9-6-7-3-2-9-9-7 lub 7-9-1-5-6-0-5-5-3\n\n""}",
9f75d3a7-4806-4a87-80c0-e90e23742c5d,"{""content"":""Potrzebujesz badań sanepidowskich ,zdolności do pracy na wysokości powyżej 3m ,\nmedycyna pracy ,badania wstępne ,badania okresowe.\n\nMasz pytania napisz lub zadzwoń\n\nzaswiadczenie @yahoo.com(bez spacji)\n\nKsiążeczka sanepidowska + orzeczenie lekarskie do spraw\nsanitarno-epidemiologicznych =100zł\nOrzeczenie lekarskie o zdolności do pracy na wysokości 80zł\nBadania dla kierowców 80zł\nBadania wstępne medycyny pracy i okresowe 80zł\n\nNie marnuj czasu w kolejkach,zamów już dziś szybko i wygodnie bez zbędnych\nformalności.\n\nWysyłka na terenie całego kraju ,\nprzesyłka pobraniowa -płatna przy odbiorze.\n\nzaswiadczenie @yahoo.com(bez spacji)""}",
10596df7-f4be-476e-8c14-9e0e9d14773e,"{""content"":""remont i przebudowa""}",
4d50fb49-b906-4cb1-a4b0-d8ead621ba27,"{""content"":""Agencja Pracy Koncepcja organizuje zatrudnienie w kraju i za granicą już od\nponad 15 lat. Jest jedną z najstarszych stażem firm działających w branży\npośrednictwa pracy do Niemiec na rynku polskim. Specjalizujemy się także w\nrekrutacji i selekcji kandydatów do pracy na terenie Wrocławia i Dolnego Śląska.\nDzięki naszemu długoletniemu doświadczeniu jesteśmy w stanie zaoferować Państwu\nbezpieczne i legalne zatrudnienie u sprawdzonych pracodawców. Pracujemy tylko z\nwybranymi i starannie wyselekcjonowanymi firmami, tak aby zapewnić Państwu\nbezpieczną i satysfakcjonującą pracę. Posiadamy Certyfikat wydany przez\nMarszałka Województwa Dolnośląskiego potwierdzający wpis do Rejestru Agencji\nZatrudnienia pod nr 1926. OBECNIE POSZUKUJEMY KANDYDATÓW DO PRACY NA STANOWISKU:\nOczyszczacz odlewów Szlifierz odlewów Miejsce pracy: Niemcy, Augsburg (Bawaria)\nOFERUJEMY: • Stabilne zatrudnienie na pełny etat na co najmniej 24 miesiące •\nWynagrodzenie zależne od posiadanego doświadczenia i znajomości języka\nniemieckiego, może wynosić nawet 3100 euro/ etat plus nadgodziny •\nZakwaterowanie oferuje pracodawca – pokoje 1 osobowe z dostępem do kuchni i\nłazienki. Koszt zakwaterowania wynosi ok. 600 Euro/mc. • Pracę w renomowanej\nfirmie, która jest producentem dużych silników wysokoprężnych, gazowych oraz\nturbo maszyn • Pracę w systemie 2 lub 3 zmianowym • Możliwość nadgodzin • Brak\nkonta czasu pracy • Opłacane składki ubezpieczeniowe i emerytalne • Wszystkie\nświadczenia przysługujące pracownikom z tytułu zatrudnienia na terenie Niemiec •\nWsparcie na każdym etapie rekrutacji, pomoc konsultanta w sprawach\norganizacyjnych • Wsparcie w trakcie zatrudnienia w Niemczech • Przygotowanie\nprofilu zawodowego w języku niemieckim • Okres zatrudnienia wliczany jest do\nstażu zaliczanego do uprawnień emerytalnych ( po przepracowaniu 5 lat w\nNiemczech przysługuje prawo do niemieckiej emerytury) • Umożliwiamy\nubezpieczenie w firmie ubezpieczeniowej gwarantującej bezpłatną opiekę medyczną\ntakże w trakcie pobytu w Polsce. Możliwość ubezpieczenia innych członków\nrodziny. • Kandydaci podejmujący pracę za naszym pośrednictwem otrzymają 10 %\nrabat na usługi tłumaczeniowe wykonane w naszym biurze. W przypadku potrzeb\ntłumaczenia dokumentów na potrzeby np. kredytu w Polsce etc. Prosimy powołać się\nwówczas na to ogłoszenie • Nie pobieramy opłat za nasze usługi pośrednictwa\npracy. OBOWIĄZKI: • Prace związane z oczyszczaniem odlewów • Szlifowanie •\nObsługa maszyn • Inne obowiązki charakterystyczne dla ww. stanowiska WYMAGANIA:\n• Doświadczenie zawodowe na podobnym stanowisku • Znajomość języka niemieckiego\nmile widziana, ale niekonieczna • Własny samochód • Umiejętność pracy w zespole\n• Dokładność, sumienność, dobra kondycja fizyczna SPOSÓB APLIKOWANIA: CV w\njęzyku polskim oraz (jeżeli Państwo posiadają) niemieckim, kopie dokumentów\npotwierdzających wykształcenie, umiejętności i doświadczenie zawodowe prosimy\nprzesyłać na adres email: re*******a@k********.eu W CV prosimy o podanie\nklauzuli dotyczącej przetwarzania danych osobowych Na potrzeby tylko powyższej\nrekrutacji: Wyrażam zgodę na przetwarzanie danych osobowych zawartych w mojej\naplikacji przez Koncepcja z siedzibą we Wrocławiu ul. Podwale 62/2, 50-010\nWrocław na potrzeby przeprowadzenia procesu rekrutacji. Na potrzeby\ndługofalowego procesu rekrutacyjnego: Wyrażam zgodę na przetwarzanie danych\nosobowych zawartych w mojej aplikacji przez Koncepcja z siedzibą we Wrocławiu na\npotrzeby przyszłych procesów rekrutacji oraz przesyłanie aktualnych ofert pracy\nodpowiadających mojemu profilowi zawodowemu. Informujemy, ze przesłanie cv\noznacza jednoczesną zgodę na przetwarzanie Państwa danych osobowych. Zgodę można\nodwołać w każdej chwili wysyłając nam maila na adres: re*******a@k********.eu\nDziękujemy za przesłane dokumenty, po wstępnej selekcji, skontaktujemy się z\nwybranymi kandydatami. Agencja Pracy Koncepcja, Wrocław ul. Podwale 62/2, Nr\ntel. ** *******, kom., +48 790 613 052, kom. +48 790 592 719, kom. +48 792 785\n242, kom. +48 690 204 470, (w przypadku niedostępności pozostałych telefonów +\n48 791080654) Posiadamy wiele innych ofert pracy także w innych lokalizacjach –\npodaj nam swoje życzenia i preferencje a dopasujemy odpowiednią ofertę. E.Mail:\nre*******a@k********.eu Więcej ofert pracy na naszej stronie internetowej:\nwww.************""}",
38674900-c875-4718-99b9-7e769a9bebcf,"{""content"":""KIEROWCA AUTOBUSU KŁOSOK Spółka z ograniczoną odpowiedzialnością Spółka\nkomandytowa jest firmą, która działa na rynku od roku 1993. Przedsiębiorstwo\nzarejestrowane jest w Żorach, a główne biuro ma swoją lokalizację w Wodzisławiu\nŚląskim na ulicy Łużyckiej. Firma świadczy głównie usługi transportu publicznego\ni przewozu pasażerskiego na terenie województwa Śląskiego oraz Dolnośląskiego.\nObecnie firma posiada 7 zajezdni autobusowych w Wodzisławiu Śląskim, Pszczynie,\nRybniku, Zabrzu, Dzierżoniowie, Długołęce oraz od marca 2022 roku w Żorach.\nFirma KŁOSOK Spółka z ograniczoną odpowiedzialnością Sp. k. zatrudni kierowców\n(kobiety oraz mężczyzn) autobusu kategorii D. Jeśli jesteś kierowcą posiadającym\nprawo jazdy kategorii D, poszukujesz pracy, chcesz pracować w firmie o\nugruntowanej pozycji na rynku, to właśnie znalazłeś to, czego szukasz. Nasze\nzajezdnie autobusowe przewoźnika na terenie województwa Śląskiego oraz\nDolnośląskiego to: • Pszczyna • Wodzisław • Rybnik • Zabrze • Bielawa • Wrocław\n• Żory Obowiązki: • wykonywanie pracy zgodnie z rozkładem jazdy, • wypełnianie\nkart drogowych, • monitorowanie stanu technicznego pojazdu i informowanie\ndyspozytora o nieprawidłowościach, • sprzedaż biletów. Wymagania: • aktualne\nprawo jazdy kat. D, • świadectwo kwalifikacji zawodowych na przewóz osób (opcja\nzrobienia kwalifikacji zawodowych za pośrednictwem pracodawcy), • uczciwość i\nrzetelność w wykonywaniu codziennych obowiązków. Oferujemy: • darmową opiekę\nmedyczną • finansowanie uprawnień na kategorię D, • przeprowadzenie niezbędnych\nszkoleń, • możliwość ubezpieczenia grupowego, • pracę na nowym taborze, • pracę\nw stabilnej firmie o ugruntowanej pozycji na rynku, • atrakcyjne i zawsze\nterminowe wynagrodzenie, • elastyczny grafik pracy, • przyjęcie osób z\norzeczonym stopniem niepełnosprawnym Oferta również skierowana dla obywatelów\nUkrainy. Работа в Польше - водитель автобуса (кат. D), http**************\nконтакт - +48533485828 Компания \""Кłosok\"" „Клосок\"") приглашает на работу\nводителей кат. D для обслуживания автобусов. Основной задачей водителя автобуса,\nработающего на регулярных городских маршрутах, является перевозка пассажиров с\nсоблюдением графика движения в соответствии с расписанием и обеспечение\nбезопасной перевозки пассажиров Работодатель обеспечивает легальное\nтрудоустройство, страхование, жильё. Место работы: Катовице и окраина горона\nПредлагаем: • зарплата от 1100 $ в месяц • проживание: квартира со всеми\nудобствами • помощь в оформлении всех необходимых документов по трудоустройству\n• помощь в оформлении карты побыту и разрешения типа А (воевода) Требования: •\nдействительны водительские права кат. D (городской автобус) желательно права\nвыданы до 2008 года""}",
11beef83-65bd-4fce-8774-1043a944d039,"{""content"":""OPIS\n\nWitamy Cię serdecznie!\n\nSzukamy młodej, energicznej osoby do obsługi magazynu, pakowania paczek, odbioru\ni weryfikacji dostaw (prawo jazdy kat. B ).\n\nPraca w godzinach 10-18 od poniedziałku do piątku, możliwość dodatkowo płatnej\npracy w nadgodzinach. Okolice Polfy Tarchomin. Umowa o pracę, wynagrodzenie 4500\nzł brutto na początek, prywatna opieka zdrowotna Allianz, karta sportowa\nMultisport. Prosimy o wysyłanie email z CV.\n\nWymagania\n\nPunktualność.\n\nNiekaralność.\n\nPrawo jazdy kat. B\n\nChęć do pracy.\n\nMile widziane oświadczenie o niekaralności. \n\nDodatkowe atuty:\n\n-znajomość systemu WMS\n\n-praca na skanerze ZEBRA\n\nO nas:\n\nFirma INTERLOOK, importer elektroniki oraz akcesoriów samochodowych istnieje od\n2005 roku. Głównym przedmiotem działalność jest sprzedaż przez internet.\nZatrudniamy coraz więcej pracowników i rozwijamy ofertę sprzedaży.""}",
7f323195-12c8-4243-a7f5-e4f3cd2b4206,"{""content"":""OPIS\n\nBiuro Rachunkowe w Wyszkowie poszukuje osoby na stanowisko- Księgowa / Księgowy\nOpis stanowiska: Rozliczanie podatków PIT, CIT, VAT Księgowość uproszczona,\nRyczaty, Książki przychodów i rozchodów, Księgi Handlowe, Kadry i płace... Praca\nod Poniedziałku do Piątku w godz. 8-16 lub do ustalenia... Zainteresowane osoby\nproszę o przesłanie CV na adres mailowy lub kontakt telefoniczny""}",
427c58db-284b-446c-8b9d-a4795943f5d9,"{""content"":""OPIS\n\nOferujemy pracę na stanowisku SPRZEDAWCA w markecie PSB Mrówka w Dąbrowie\nTarnowskiej.\n\n\n\nPraca na dziale: OGRÓD\n\nPraca na umowę o pracę, pełen etat.\n\nPraca dwuzmianowa.\n\n\n\nWynagrodzenie 3100-4000 złotych na rękę składające się z:\n\n * podstawa - minimalna krajowa (aktualnie 2700 złote)\n\n * premia od 400 do 1300 złotych - realnie 15-50% podstawy (wyliczana na\n   podstawie sprzedaży)\n\n * możliwość dodatkowo płatnych nadgodzin\n\n\n\nOferujemy:\n\n * pracę w młodym, dynamicznym zespole\n\n * pracę na pełny etat wraz z wszelkimi świadczeniami\n\n * przeszkolenie\n\n * możliwość rozwoju\n\n * stabilne zatrudnienie\n\n\n\nWymagamy:\n\n * wykształcenie minimum zawodowe\n\n * zarejestrowanie lub możliwość zarejestrowania w PUP Dąbrowa Tarnowska\n\n * mile widziane doświadczenie w handlu lub w pracy na kasie, ale nie wymagane\n\n\n\nZainteresowanych prosimy o składanie CV w markecie lub mailowo na adres:\nmichal.bartnik(małpa)psbmrowka.com.pl\n\n\n\nJEŚLI WIDZISZ TO OGŁOSZENIE TO OZNACZA, ŻE JEST ONO AKTUALNE.""}",
4212dbf4-7e1d-408f-bb2a-10228702631d,"{""content"":""OPIS\n\nPRACUJ Z NAMI!\n\n\n\nMcDonald’s Gliwice FORUM ul. Lipowa – gratka dla nocnych marków!\n\nPracownik restauracji:\n\n * okres próbny do 3 miesięcy - 22,10zł brutto/godz. (w tym 1zł dodatek\n   frekwencyjny)\n\n * po okresie próbnym - 22,80zł brutto/godz. (w tym 1zł dodatek frekwencyjny)\n\n    \n\nChcesz pracować w miejscu uwielbianym przez ludzi? Dołącz do zgranej ekipy\nMcDonald’s!\n\n \n\nJesteś nocnym markiem? Ciekawi Cię, jak wygląda nasza restauracja, kiedy\nwiększość ludzi śpi? Aplikuj do McDonald's i pracuj w jednej z najczęściej\nodwiedzanych restauracji na świecie!\n\n \n\nCo oferujemy?\n\n * Umowę o pracę\n\n * Dodatki do wynagrodzenia:\n   \n   * 20% stawki za pracę w godzinach nocnych 23:00-7:00\n   \n   * 2zł/h za pracę w soboty, niedzielę i święta\n   \n   * 1zł/h dodatek frekwencyjny\n\n * Bonus finansowy za polecenie znajomego do pracy\n\n * Elastyczny grafik i możliwość pracy w niepełnym wymiarze godzin\n\n * Zniżki na nasze produkty do wszystkich restauracji McDonald's w Polsce\n\n * Atrakcyjną ofertę rabatową na posiłki w czasie pracy\n\n * Bezpłatne napoje w czasie pracy\n\n * Prywatną opiekę medyczną i ubezpieczenie na życie\n\n * Możliwość nabycia kart sportowych Medicover Sport dla Ciebie i Twoich\n   bliskich\n\n \n\nCzego szukamy?\n\n * chęci do pracy\n\n * otwartości i komunikatywności\n\n * umiejętności pracy w zespole\n\n \n\nPssst: Nie musisz mieć doświadczenia w gastronomii – wszystkiego Cię nauczymy!\n\n \n\nCo będziesz robić?\n\n * pracować zmianowo w wybranych godzinach od 22:00 do 7:00\n\n * przygotowywać burgery, desery i inne pyszności oraz je sprzedawać\n\n * dbać o porządek\n\n * czyścić i konserwować urządzenia, narzędzia i naczynia\n\n * rozkładać dostawy\n\n * przygotowywać restaurację do otwarcia\n\n   \n\nMasz smaka na tę ofertę?\n\nAplikuj teraz, zadzwoń lub wypełnij ulotkę rekrutacyjną w restauracji!\n\n  \n\nPracuj z nami! Czekamy właśnie na Ciebie!\n\n  \n\n. . . . . . . . . .\n\nDane osobowe będą przetwarzane w celach rekrutacyjnych przez Firmę Jurex Irene\nJurek z siedzibą przy ul. Stromej 6, 42-606 Tarnowskie Góry. Podanie danych jest\ndobrowolne, ale konieczne do realizacji ww. celów. Kandydatowi do pracy\nprzysługuje prawo dostępu do treści danych i prawo poprawienia danych.""}",
83af610b-3b24-446e-9030-ae878d18975c,"{""content"":""OPIS\n\nYANSAT Sp. z o.o. s.k. Autoryzowany Przedstawiciel sieci telefonii komórkowej\nPLUS i Cyfrowego Polsatu poszukuje:\n\nSpecjalista ds. Sprzedaży\n\nMiejsce pracy: SZCZECIN\n\nTwój zakres obowiązków:\n\n * Obsługa Klientów Plusa i Cyfrowego Polsatu w Punkcie Sprzedaży\n\n * Obsługa systemu raportowo-sprzedażowego\n\n * Wspieranie bieżących działań sprzedażowych\n\n * Bieżąca komunikacja z siecią sprzedaży i firmami współpracującymi\n\n * Obsługa mailowych skrzynek interwencyjnych\n\n * Sporządzanie analiz sprzedażowych\n\n * Wprowadzanie i aktualizacja danych w bazach\n\n\n\nNasze wymagania:\n\n * Umiejętność współpracy z Klientami i oferowanie im kompleksowych rozwiązań\n\n * Nastawienie na realizację ambitnych celów biznesowych i umiejętność ich\n   osiągania\n\n * Chęć uczenia się i rozwijania kompetencji sprzedażowych\n\n * Doświadczenie w sprzedaży i obsłudze klientów\n\n * Wykształcenie minimum średnie\n\n * Doświadczenie w sprzedaży usług będzie dodatkowym atutem\n\n\n\nTo oferujemy:\n\n * Możliwość rozwoju zawodowego\n\n * Stabilne zatrudnienie na podstawie umowy o pracę\n\n * Premię uzależnioną od wyników, program motywacyjny  ""}",
d4f24199-41eb-45eb-b97f-48d3eb0e1bd4,"{""content"":""Medycyna pracy od ręki ,badania wysokościowe,\nksiążeczka sanepidu wraz z orzeczeniem lekarskim=tylko 100zł\nBadania okresowe 80zł\nBadania dla kierowców 80zł\n\nBłyskawiczna realizacja ,wysyłka na cały kraj,płatne przy odbiorze.\nMasz dużą firmę ,potrzebujesz na cito orzeczenia medycyny pracy -szybko\n,dyskretnie,bez kolejek.\n\nMasz pytania zadzwoń lub napisz\nmarekmedycyna @yahoo.com(bez spacji)""}",
60d98c4b-cb11-4a6d-9487-135f5f549b61,"{""content"":""W związku z otwarciem nowego oddziału w Kielcach poszukujemy kierowców z własnym\nsamochodem do pracy na taxi oraz aplikacjach FreeNow, Bolt, Uber. Elastyczne\ngodziny pracy – sam(-a) decydujesz, kiedy i ile pracujesz. Praca dla każdego\nniezależnie od wieku i doświadczenia. - atrakcyjne bonusy i dopłaty na start do\nkursów od poszczególnych aplikacji (od 300zł do 700 zł ) - Atrakcyjny program\npoleceń kierowców, Nawet 700 zł za nowego kierowce - Co nas wyróżnia na tle\ninnych to brak pobierania dodatkowych % od obrotu z aplikacji - wsparcie\nwyspecjalizowanej kadry 24h/7 dni w tygodniu - zapewniamy kompleksowe wsparcie w\nprocesie uzyskania wszystkich niezbędnych dokumentów OFERTA SKIEROWANA DO\nKIEROWCÓW Z WŁASNYM SAMOCHODEM (min. 2003/4 r., 5-drzwiowy - po szczegóły\nzapraszamy do kontaktu telefonicznego). Nasze wymagania - prawo jazdy kat. B -\norzeczenie lekarskie - psychotechnika - zaświadczenie o niekaralności (nie\nstarsze niż 30dni) W przypadku obcokrajowców - polskie prawo jazdy lub pobyt w\nPolsce krócej niż 6 miesięcy (plus tłumaczenie prawa jazdy na język polski).\nZapewniamy kompleksowe wsparcie w procesie uzyskania wymienionych dokumentów.\nObcokrajowcy - wyrobimy pozwolenie na pracę i pomożemy uzyskać pozwolenie na\npobyt/kartę pobytu. Oferujemy • Średnie zarobki na poziomie 30-40+ zł/h brutto •\nzatrudnienie w oparciu o umowę zlecenie lub kontrakt B2B • wypis z licencji i\nIdentyfikator kierowcy, • podpięcie pod Uber, Bolt, FreeNow, • rozliczenia\ncotygodniowe przez naszą firmę, • wdrożenie do pracy oraz pełne wsparcie\nmerytoryczne na każdym etapie, • oklejenie na życzenie klienta, • serwis, opony,\noleje, ubezpieczenie itp., • kogut na dach, • na życzenie taksometr + kasa\nfiskalna + terminal płatniczy. Obsługujemy w językach: - polski - angielski -\nrosyjski - ukraiński Zapraszamy do kontaktu TEL. ********* WE SPEAK ENGLISH -\nГОВОРИМ ПО-РУССКИ""}",
877bb560-a7e9-4a2d-91c9-c79b2e3ca6ba,"{""content"":""❗️ZATRUDNIĘ PRACOWNIKÓW BUDOWLANYCH❗️ ☑️ wykończenie wnętrz ☑️ zabudowa GK ☑️\nsufity podwieszane ☑️ szpachlowanie ☑️ malowanie ? MILE WIDZIANI: ☑️ glazurnicy\n☑️ pracownicy ze wschodu ☑️ osoby z doświadczeniem w branży ☑️ „złote rączki” ?\n+48 *** *** *** Praca Leszno-Wrocław ale również na terenie kraju""}",
0eecf68b-b5b2-4d6e-b270-5f69ce26e06f,"{""content"":""OPIS\n\nOTTO Work Force jest wiodącą firmą specjalizującą się w rekrutacjach\ntymczasowych, outsourcingu i doradztwie personalnym na poziomie krajowym i\nmiędzynarodowym. W OTTO zetkniesz się z kulturą, w której przedsiębiorczość,\nsamorealizacja i pasja do pracy jest doceniana. \n\nDo wewnętrznych struktur OTTO Work Force obecnie poszukujemy pracownika na\nstanowisko:\n\nArea Sales Manager\n\nMiejsce pracy: Gorzów Wielkopolski\n\nTwój zakres obowiązków:\n\n * Aktywne pozyskiwanie nowych klientów\n\n * Sporządzanie ofert, wycen, kalkulacji i prezentacji dla klientów\n\n * Prowadzenie negocjacji handlowych, dbanie o dobre relacje zarówno ze stałymi\n   jak i potencjalnymi klientami\n\n * Planowanie i realizowanie strategii sprzedażowej w regionie\n\n * Realizacja wskaźników biznesowych\n\n * Zarządzanie rozwojem usług agencji pracy tymczasowej\n\n * Kontrolowanie budżetu i kosztów związanych ze sprzedażą\n\n * Reprezentowanie firmy na zewnątrz, angażowanie się w działania wizerunkowe\n\nNasze wymagania:\n\n * Doświadczenie na podobnym stanowisku w agencji pracy tymczasowej\n\n * Wysoko rozwinięte umiejętności negocjacyjne i handlowe\n\n * Nastawienie na osiąganie założonych celów\n\n * Bardzo dobra znajomość lokalnego rynku\n\n * Umiejętność podejmowania trafnych decyzji biznesowych\n\n * Znajomość języka angielskiego na poziomie umożliwiającym swobodną komunikację\n   w mowie i piśmie\n\n * Czynne prawo jazdy kat. B\n\nOferujemy:\n\n * Stabilne zatrudnienie w oparciu o umowę o pracę\n\n * Motywujący, system premiowy uzależniony od wyniku\n\n * Odpowiedzialną rolę, cechującą się dużą samodzielnością w działaniu i\n   otwartością na Twoją inicjatywę w rozwój firmy\n\n * Samochód służbowy i niezbędne narzędzia pracy (telefon, laptop)\n\n * Pakiet benefitów\n\nNie zwlekaj – aplikuj do nas!\n\nChcemy żebyś wiedział, że Administratorem Danych Osobowych jest OTTO Work Force\nCentral Europe Sp. z o.o., ul. Szwedzka 5, 55-040 Kobierzyce, KRS 000025104, NIP\n7542855687, REGON 160062988. Twoje dane będą przetwarzane przez Administratora\nDanych Osobowych dla potrzeb rekrutacji, tj. w procesie wyszukiwania\nodpowiednich kandydatów do zatrudnienia. Pełna treść obowiązku informacyjnego\nznajduje się na stronie OTTO.""}",
0675c116-de13-46e0-a558-1dfe573de006,"{""content"":""OPIS\n\nKlub w Gdańsku ul. Stągiewna 2 zatrudni Barmanki.\n\nOpis pracy:\n\nPraca polega na nabijaniu produktów na system sprzedażowy, przygotowaniu ich i\nwydaniu klientom.\n\n * Praca w godzinach nocnych.\n\n * Umowa zlecenie,\n\n * Wypłaty raz w tygodniu,\n\n * Elastyczny grafik, można pracować 3-7 nocy w tygodniu,\n\n * Praca dla osób powyżej 18 roku życia.\n\nMile widziane\n\n * doświadczenie na podobnym stanowisku\n\n * umiejętność obsługi systemu POS\n\n * znajomość j. angielskiego\n   \n   \n\nZapraszam do kontaktu. Najlepiej podejść bezpośrednio na rozmowę do klubu\ncodziennie od 20.00 (podejdź do selekcjonerki i powiedz, że w sprawie pracy, ona\ndalej Cię pokieruje). Zobaczysz, poznasz, jak Ci się spodoba to zostaniesz. Pisz\n(odpiszę) lub dzwoń (często nie odbieram) jeżeli oferta Cię zainteresowała 5 - 7\n- 6 - 2 - 0 - 2 - 0 - 4 - 2""}",
8ed90fb6-e137-40ee-8020-1a251a483dcd,"{""content"":""OPIS\n\nIllochroma Haoneng Poland Sp. z o. o.\n\njest wiodącą firmą w branży opakowań FMCG, w chwili obecnej specjalizuje się w\nprodukcją etykiet. Od wielu lat firma współpracuje z wieloma znanymi polskimi\noraz zagranicznymi firmami i koncernami, jak Heineken, AB InBev, Carlsberg,\nAsahi, Nestle, Bonduelle itd. W związku z ciągłym rozwojem firmy poszukujemy\nkandydata na stanowisko:\n\nOperator Maszyn Introligatorskich / Krajacz\n\n\n\nSamodzielna praca na maszynie do krojenia arkuszy papieru w drukarni. Obejmuje\nona m. in. następujące czynności:\n\n\n\n * obsługa krajarki i jej oprogramowania\n * realizacja planu zleceń produkcyjnych zgodnie ze specyfikacją\n * raportowanie wykonanej produkcji za pomocą komputera (system ERP)\n * uzupełnienie dokumentacji produkcyjnej (system ERP)\n * kontrolę jakości wyrobu oraz podejmowanie działań korygujących\n * dbanie o stan techniczny maszyny, zgłaszanie awarii\n * dbanie o porządek na stanowisku pracy\n\nWymagania\n\n\n\n * doświadczenie zawodowe w pracy na podobnym stanowisku\n * gotowość do pracy w trybie zmianowym, dyspozycyjność\n * umiejętność pracy w zespole\n * dokładność i skrupulatność\n * samodzielność i dobra organizacja pracy\n * Oferujemy:\n * •  Atrakcyjne wynagrodzenie 25-30 zł Brutto\n * •  Stabilne zatrudnienie (umowa o pracę)\n * •  Pakiety socjalne, m.in. kartę Multisport i prywatny pakiet opieki\n   medycznej z możliwością rozszerzenia na rodzinę, prywatne ubezpieczenie na\n   życie.\n\n\n\n·        Osoby zainteresowane prosimy o złożenie CV przez portal OLX lub email\nna adres a.xiao(at)illochroma.com z tytułem : CV Krajacz\n\n""}",
156cd34a-610f-43d0-bcf0-4f969da592b9,"{""content"":""OPIS\n\nYANSAT Sp. z o.o. s.k. Autoryzowany Przedstawiciel sieci telefonii komórkowej\nPLUS i Cyfrowego Polsatu poszukuje:\n\nKierownik punktu sprzedaży / Specjalista ds. Sprzedaży\n\nMiejsce pracy: SZCZECIN\n\nTwój zakres obowiązków:\n\n * Obsługa Klientów Plusa i Cyfrowego Polsatu w Punkcie Sprzedaży\n\n * Obsługa systemu raportowo-sprzedażowego\n\n * Wspieranie bieżących działań sprzedażowych\n\n * Bieżąca komunikacja z siecią sprzedaży i firmami współpracującymi\n\n * Obsługa mailowych skrzynek interwencyjnych\n\n * Sporządzanie analiz sprzedażowych\n\n * Wprowadzanie i aktualizacja danych w bazach\n\n\n\nNasze wymagania:\n\n * Umiejętność współpracy z Klientami i oferowanie im kompleksowych rozwiązań\n\n * Nastawienie na realizację ambitnych celów biznesowych i umiejętność ich\n   osiągania\n\n * Chęć uczenia się i rozwijania kompetencji sprzedażowych\n\n * Doświadczenie w sprzedaży i obsłudze klientów\n\n * Wykształcenie minimum średnie\n\n * Doświadczenie w sprzedaży usług będzie dodatkowym atutem\n\n\n\nTo oferujemy:\n\n * Możliwość rozwoju zawodowego\n\n * Stabilne zatrudnienie na podstawie umowy o pracę\n\n * Premię uzależnioną od wyników, program motywacyjny  ""}",
2a6ea10f-e645-4deb-877b-ab08e89c5dee,"{""content"":""Medycyna pracy od ręki ,badania wysokościowe,\nksiążeczka sanepidu wraz z orzeczeniem lekarskim=tylko 100zł\nBadania okresowe 80zł\nBadania dla kierowców 80zł\n\nBłyskawiczna realizacja ,wysyłka na cały kraj,płatne przy odbiorze.\nMasz dużą firmę ,potrzebujesz na cito orzeczenia medycyny pracy -szybko\n,dyskretnie,bez kolejek.\n\nMasz pytania zadzwoń lub napisz\nmarekmedycyna @yahoo.com(bez spacji)""}",
a9df8d9d-df66-470a-af0b-be80448ada4e,"{""content"":""EUROSERVICES Sp.z.o.o zatrudni pracowników fachowców :malarzy,murarzy,\nlakierników,lakierników proszkowych i specjalistów innych profesji jak również\nkobiety i mężczyzn do prac fizycznych niewymagających szczególnych\nuprawnień.Załatwiamy wszelkie formalności związane z zatrudnieniem.Zapraszamy do\nnaszego biura ,zachęcamy do kontaktu telefonicznego""}",
456eaaa7-2569-4423-b2bc-174494fea368,"{""content"":""Studio urody na Bielanach zatrudni doświadczoną fryzjerkę damsko/męską. System\npracy zmianowy 1/2 etatu. Wynagrodzenie 50% wyrobionej dniówki.""}",
4d6eedda-26b6-4e9c-bf0d-7fe9a2337fc7,"{""content"":""Praca na hali ! Prefabrykacja zbrojeń budowlanych. Praca przy obsłudze maszyn\nzbrojeniowych, gięcie lub cięcie na wymiar zbrojeń budowlanych. Praca na stałe,\nmożliwość nadgodzin. Mile widziane doświadczenie na Zbrojarnii lub przy\nzbrojeniach na budowie. Poszukiwani: Operatorzy maszyn zbrojeniowych, Giętacze,\nOperatorzy suwnicy z poziomu \""0\"".""}",
69858b83-fb8b-41f0-b2ca-6f4d4561c35c,"{""content"":""OPIS\n\nFirma o ugruntowanej pozycji na rynku poszukuje - kandydata na stanowisko:\n\nKWALIFIKOWANY PRACOWNIK OCHRONY Kraków\n\n\n\nTwój zakres obowiązków\n\n * Weryfikacja uprawnień do przebywania w obszarze chronionym\n\n * Kontrola ruchu osobowego\n\n * Sporządzanie meldunków i notatek służbowych w ramach realizacji czynności\n   służbowych w miejscu pracy oraz przekazywanie tej dokumentacji bezpośredniemu\n   przełożonemu\n\nNasze wymagania\n\n * Wpis na listę kwalifikowanych pracowników ochrony fizycznej – warunek\n   konieczny\n\n * Doświadczenie w ochronie min. 3 lata – warunek konieczny\n\n * Komunikatywna znajomość języka angielskiego\n\n * Znajomość obsługi komputera\n\n * Dyspozycyjność i umiejętność pracy w zespole\n\nTo oferujemy\n\n * Umowę o pracę od początku zatrudnienia\n\n * Gwarancję wynagrodzenia zawsze w terminie\n\n * Możliwość skorzystania z oferty Multisport, dodatkowej opieki medycznej i\n   dodatkowego ubezpieczenia na życie\n\n * Pracę w systemie zmianowym (12h wg grafiku)\n\n * POLECAJ ZARABIAJ - możliwość dodatkowej premii za polecenie pracownika do\n   pracy\n\n * Refundację badań do wpisu do KPOF\n\n * Dostęp do rozbudowanej platformy szkoleniowej (e-learning) dodatkowo\n   cykliczne szkolenia m.in. PPOŻ, pierwsza pomoc,\n\n * Możliwość doskonalenia znajomości języków dzięki dedykowanej platformie\n\n * Dostęp do dobrze zaopatrzonej- bezpłatnej stołówki: kawa, herbata, kanapki,\n   itp.\n\nOsoby zainteresowane proszone są o wysłanie CV za pomocą formularza\nkontaktowego.""}",
4931775b-0d01-4f56-a030-0f4f64afd36d,"{""content"":""Chcesz dorobić kilkaset złotych? A może wolisz zacząć regularnie zarabiać\npowyżej średniej krajowej? Szukasz dodatkowego zajęcia, które przynosi\nponadprzeciętne efekty?\n\nMam do zaoferowania pracę dodatkową, którą wykonujesz przy komputerze lub na\ntelefonie, a więc możesz pracować z każdego miejsca na świecie. Jeśli uczciwie\npodejdziesz do pracy i wykażesz zaangażowanie, to bardzo szybko zarobisz 1-2 tys\nzł. Docelowo możesz zarabiać nawet 6000 zł miesięcznie. Cały czas mówimy o pracy\ndodatkowej, na którą poświęcasz 2-3 godziny dziennie.\n\nPraca polega na wprowadzaniu informacji do baz danych i udzielaniu odpowiedzi.\nDostajesz bezpłatne materiały, aby zacząć oraz gotową instrukcję, aby zarobić\npierwsze pieniądze przez Internet.\n\nSzukam osób pozytywnych, nastawionych na działanie, potrafiących samodzielnie\nzorganizować sobie czas. Wystarczy 2-3 godziny dziennie.""}",
7699afe5-2bdc-4fe9-9917-09cfa94310ed,"{""content"":""Potrzebujesz badań sanepidowskich ,zdolności do pracy na wysokości powyżej 3m ,\nmedycyna pracy ,badania wstępne ,badania okresowe.\n\nMasz pytania napisz lub zadzwoń\n\nmedycynapracy @yahoo.com(bez spacji)\n\nKsiążeczka sanepidowska + orzeczenie lekarskie do spraw\nsanitarno-epidemiologicznych =100zł\nOrzeczenie lekarskie o zdolności do pracy na wysokości 80zł\nBadania dla kierowców 80zł\nBadania wstępne medycyny pracy i okresowe 80zł\n\nNie marnuj czasu w kolejkach,zamów już dziś szybko i wygodnie bez zbędnych\nformalności.\n\nWysyłka na terenie całego kraju ,\nprzesyłka pobraniowa -płatna przy odbiorze.\n\nmedycynapracy @yahoo.com(bez spacji)""}",
ac7494bb-546e-4611-ac9f-531efe3ae093,"{""content"":""Podejmę pracę jako prezydent, premier, szef szefów itd, itp. Ofertę swą okraszam\nfaktem, iż posiadam w pełni sprawny mózg z dodatkowymi funkcjami analitycznego i\nlogicznego myślenia.""}",
ec4a7fb4-d009-45e1-9e51-5e1e1967de99,"{""content"":""dam prace murarzą i pomocniką""}",
339d8b01-9394-480e-a0ab-06461bff3dcb,"{""content"":""Przychodnia Weterynaryjna FORTISVET w Markuszowie (woj. lubelskie) poszukuje\nsamodzielnego lekarza weterynarii do współpracy na cały lub część etatu.\nPraktyka z przewagą psów, kotów i gryzoni. Praca w przyjaznym zespole i z\nnowoczesną aparaturą medyczną; na pełny lub część etatu. CV proszę przesyłać\nprzez serwis ogłoszeniowy wraz ze zgodą na przetwarzanie danych osobowych.\nWynagrodzenie zależne od doświadczenia. Serdecznie zachęcamy do aplikowania.""}",
edc973f0-6079-42cc-91cc-a790af26c8cf,"{""content"":""❗️ZATRUDNIĘ PRACOWNIKÓW BUDOWLANYCH❗️ ☑️ wykończenie wnętrz ☑️ zabudowa GK ☑️\nsufity podwieszane ☑️ szpachlowanie ☑️ malowanie ? MILE WIDZIANI: ☑️ glazurnicy\n☑️ pracownicy ze wschodu ☑️ osoby z doświadczeniem w branży ☑️ „złote rączki” ?\n+48 *** *** ***""}",
0893164c-6760-4ae7-b562-693342a8d0c1,"{""content"":""Witam poszukuje pracy w charakterze pracownika ośrodka\nwczasowego/wypoczynkowego, hotelu lub opieki nad domkami letniskowymi. Posiadam\ndoświadczanie kierownicze i praktykę w obsłudze klientów a przede wszystkim chęć\ndo nowych wyzwań. Ja mężczyzna 37 lat z Wielkopolski""}",
2fc93c1e-c5e4-4463-9379-cec54cd8850b,"{""content"":""Poszukujemy mężczyzny do pracy w pralni wodnej. Nie wymagane doświadczenie.\nObowiązki: obsługa pralek i suszarek. Mile widziane prawo jazdy kat.B. Pełen\netat. Wynagrodzenie płatne co dwa tygodnie. Miła atmosfera. Umowa zlecenie.\nWięcej szczegółowych informacji telefonicznie. Stawka godzinowa na rękę 17zł""}",
869588d0-6dfb-4c9f-bcc3-d5b652f4b00b,"{""content"":""Firma J.J. Jerzy Gaszczyk zatrudni pracowników na stanowisko Pracownik obróbki\ndrewna-stolarz - przy produkcji mebli ogrodowych Twój zakres obowiązków •\nobsługa linii produkcyjnej – wycinanie elementów drewnianych; • obróbka\nelementów drewnianych; • układanie elementów na palety; • obsługa szlifierki\nkątowej i obsługa piły taśmowej Nasze wymagania • wykształcenie minimum\nzawodowe; • komunikatywność i umiejętność pracy w zespole; • doświadczenie w\npracy przy produkcji (mile widziane w branży drzewnej). • mile widziani emeryci\nTo oferujemy • stabilne zatrudnienie na umowę o pracę bezpośrednio u pracodawcy;\n• atrakcyjne zarobki + system premiowy; • pracę od poniedziałku do piątku w\nsystemie dwuzmianowym • możliwość rozwoju i podnoszenia kwalifikacji; • pracę w\nfirmie, która nie jest dużą korporacją. Klient ma wiele lat doświadczenia na\nrynku, stosuje nowoczesne rozwiązania technologiczne, zapewniając jednocześnie\nuproszczone procedury i świetną atmosferę w pracy. Telefon kontaktowy : +48 ***\n*** ***""}",
860d2358-656b-4458-a38b-6cca4ff2e2b7,"{""content"":""Szukam pracy jako operator mini koparki i spycharki kl l posiadam uprawnienia i\nwieloletnie doswiadczenie""}",
